Date,Open,High,Low,Close,Volume
2018-09-17 07:00:00,29.45,29.79,29.45,29.79,686
2018-09-18 07:00:00,29.72,29.79,29.72,29.79,3890
2018-09-19 07:00:00,29.79,29.79,29.79,29.79,6124
2018-09-20 07:00:00,29.79,30.13,29.79,29.79,5899
2018-09-21 07:00:00,29.79,29.96,29.79,29.96,10763
2018-09-24 07:00:00,30.1,30.1,29.96,29.96,4775
2018-09-25 07:00:00,29.96,30.13,29.96,30.13,5904
2018-09-26 07:00:00,29.79,30.47,29.79,30.47,21475
2018-09-27 07:00:00,29.96,30.3,29.96,29.99,7510
2018-09-28 07:00:00,30.47,30.47,30.4,30.47,7658
2018-10-01 07:00:00,29.99,30.64,29.99,30.5,24363
2018-10-02 07:00:00,30.64,30.64,30.5,30.5,400
2018-10-03 07:00:00,30.47,30.64,30.47,30.64,5502
2018-10-04 07:00:00,30.64,30.64,30.47,30.5,21179
2018-10-05 07:00:00,30.54,30.64,30.47,30.47,8980
2018-10-08 07:00:00,30.47,30.47,29.45,30.47,7538
2018-10-09 07:00:00,30.23,30.23,30.23,30.23,113
2018-10-10 07:00:00,30.47,30.47,29.86,29.89,8285
2018-10-11 07:00:00,30.33,30.33,30.23,30.23,3569
2018-10-12 07:00:00,29.11,29.11,29.11,29.11,100
2018-10-15 07:00:00,29.11,29.45,29.11,29.11,7542
2018-10-16 07:00:00,29.15,29.15,29.11,29.15,2480
2018-10-17 07:00:00,29.22,29.22,29.15,29.15,1106
2018-10-18 07:00:00,29.42,29.42,29.42,29.42,599
2018-10-19 07:00:00,28.78,28.78,28.78,28.78,10000
2018-10-22 07:00:00,28.78,28.81,28.78,28.81,1175
2018-10-23 07:00:00,27.76,29.11,27.76,27.76,3123
2018-10-24 07:00:00,28.78,28.78,28.1,28.78,3182
2018-10-25 07:00:00,28.71,28.71,27.12,28.44,767
2018-10-26 07:00:00,28.37,28.61,28.13,28.23,2170
2018-10-29 07:00:00,28.1,28.4,28.1,28.1,1712
2018-10-30 07:00:00,28.13,29.11,28.13,29.11,18085
2018-10-31 07:00:00,25.39,29.45,25.39,28.61,4170
2018-11-01 07:00:00,28.44,28.78,28.44,28.44,4265
2018-11-02 07:00:00,28.78,28.78,28.78,28.78,136
2018-11-05 07:00:00,30.13,30.13,28.78,28.78,11326
2018-11-06 07:00:00,28.84,29.28,28.84,29.11,13610
2018-11-07 07:00:00,28.61,29.22,28.61,29.11,6286
2018-11-08 07:00:00,29.11,29.45,29.11,29.45,3061
2018-11-09 07:00:00,29.11,29.11,29.11,29.11,2076
2018-11-12 07:00:00,29.11,29.79,29.11,29.79,26607
2018-11-13 07:00:00,29.96,30.47,29.45,30.47,14807
2018-11-14 07:00:00,30.3,30.47,30.3,30.47,43849
2018-11-15 07:00:00,30.13,31.14,30.13,30.81,21230
2018-11-16 07:00:00,30.7,31.65,30.7,31.55,40426
2018-11-19 07:00:00,31.14,31.65,31.14,31.65,43767
2018-11-20 07:00:00,31.48,31.48,31.31,31.48,44475
2018-11-21 07:00:00,31.42,31.79,31.42,31.79,7645
2018-11-22 07:00:00,31.48,31.48,31.35,31.35,28806
2018-11-23 07:00:00,31.79,31.79,30.5,30.54,2912
2018-11-26 07:00:00,31.42,31.42,31.42,31.42,180
2018-11-27 07:00:00,30.2,31.14,30.2,31.14,5183
2018-11-28 07:00:00,30.81,30.94,30.81,30.94,4634
2018-11-29 07:00:00,30.91,31.65,30.64,31.65,30631
2018-11-30 07:00:00,31.14,31.14,31.14,31.14,9150
2018-12-03 07:00:00,31.08,31.65,31.04,31.65,15768
2018-12-04 07:00:00,31.48,32.5,31.48,32.5,48347
2018-12-05 07:00:00,31.65,31.82,31.65,31.82,6027
2018-12-06 07:00:00,31.65,32.16,31.65,32.13,75611
2018-12-07 07:00:00,31.99,33.68,31.99,33.68,76516
2018-12-10 07:00:00,33.34,33.68,33.34,33.65,19522
2018-12-11 07:00:00,33.52,34.02,33.52,33.85,180517
2018-12-12 07:00:00,33.85,33.85,33.85,33.85,5777
2018-12-13 07:00:00,33.85,34.19,33.85,34.19,13463
2018-12-14 07:00:00,33.52,34.19,33.52,34.19,51352
2018-12-17 07:00:00,33.68,33.85,33.68,33.85,39004
2018-12-18 07:00:00,33.65,34.19,33.65,34.19,32946
2018-12-19 07:00:00,32.97,34.19,32.97,34.19,9006
2018-12-20 07:00:00,34.12,34.19,33.85,34.19,60850
2018-12-21 07:00:00,34.53,34.6,33.52,34.6,60517
2018-12-24 07:00:00,33.85,34.19,33.85,34.19,1536
2018-12-25 07:00:00,32.5,34.12,32.5,34.12,476
2018-12-26 07:00:00,33.68,34.19,33.68,34.19,36837
2018-12-27 07:00:00,33.85,33.85,33.52,33.52,1614
2018-12-28 07:00:00,33.82,34.53,32.5,34.53,38770
2019-01-02 07:00:00,33.52,33.85,33.52,33.85,4028
2019-01-03 07:00:00,33.52,34.02,32.6,34.02,942
2019-01-04 07:00:00,33.41,34.19,33.41,33.85,37361
2019-01-07 07:00:00,33.85,33.85,32.87,33.85,1537
2019-01-08 07:00:00,33.52,34.19,33.52,34.19,67044
2019-01-09 07:00:00,33.85,34.19,33.85,33.89,21932
2019-01-10 07:00:00,33.85,34.12,33.78,34.12,11705
2019-01-11 07:00:00,33.72,34.19,33.72,34.19,5245
2019-01-14 07:00:00,33.85,34.87,33.85,34.53,53450
2019-01-15 07:00:00,34.53,34.87,30.47,34.6,16632
2019-01-16 07:00:00,34.87,34.94,34.84,34.94,9840
2019-01-17 07:00:00,34.87,35.88,34.87,35.88,51533
2019-01-18 07:00:00,35.38,35.85,35.21,35.85,36214
2019-01-21 07:00:00,35.55,36.05,35.55,36.05,19552
2019-01-22 07:00:00,36.39,36.56,35.75,36.56,43300
2019-01-23 07:00:00,35.88,37.24,35.88,37.24,59348
2019-01-24 07:00:00,35.61,37.24,35.55,36.56,11348
2019-01-25 07:00:00,36.39,36.56,36.19,36.56,6627
2019-01-28 07:00:00,36.46,36.56,36.46,36.56,5395
2019-01-29 07:00:00,35.88,36.73,35.88,36.56,20896
2019-01-30 07:00:00,36.22,36.73,36.22,36.56,6221
2019-01-31 07:00:00,36.56,36.56,36.53,36.56,746
2019-02-01 07:00:00,33.85,36.56,33.85,36.56,3263
2019-02-11 07:00:00,36.56,36.9,36.56,36.9,15300
2019-02-12 07:00:00,36.6,36.9,36.6,36.76,4700
2019-02-13 07:00:00,36.56,36.87,36.56,36.76,41508
2019-02-14 07:00:00,36.9,36.9,36.9,36.9,3330
2019-02-15 07:00:00,36.9,37.24,36.9,37.24,20581
2019-02-18 07:00:00,37.24,37.24,37.17,37.17,13557
2019-02-19 07:00:00,37.07,37.2,37.07,37.2,11828
2019-02-20 07:00:00,37.14,37.24,37.14,37.24,5471
2019-02-21 07:00:00,37.2,37.24,36.9,37.2,2485
2019-02-22 07:00:00,37.17,37.17,36.9,37.17,703
2019-02-25 07:00:00,36.9,37.24,34.7,37.24,7683
2019-02-26 07:00:00,37.24,37.24,37.24,37.24,501
2019-02-27 07:00:00,35.55,36.22,35.55,36.05,3673
2019-02-28 07:00:00,36.05,36.05,36.05,36.05,50
2019-03-01 07:00:00,36.56,36.8,36.56,36.8,295
2019-03-04 07:00:00,35.11,35.28,35.11,35.24,3480
2019-03-05 07:00:00,35.55,35.55,35.24,35.24,1808
2019-03-06 07:00:00,35.04,35.21,34.97,34.97,1115
2019-03-07 07:00:00,35.72,35.72,34.87,34.87,2800
2019-03-11 07:00:00,34.53,34.53,34.4,34.53,2628
2019-03-12 07:00:00,33.96,34.19,33.85,34.19,1850
2019-03-13 07:00:00,33.85,33.89,33.52,33.52,4068
2019-03-14 07:00:00,33.28,33.82,33.28,33.28,13982
2019-03-15 07:00:00,33.18,33.18,33.18,33.18,600
2019-03-18 07:00:00,33.52,33.52,32.94,33.14,10703
2019-03-19 07:00:00,33.18,33.18,32.84,32.84,561
2019-03-20 07:00:00,33.01,33.18,32.97,33.01,11311
2019-03-21 07:00:00,33.18,33.34,33.18,33.18,6181
2019-03-22 07:00:00,32.74,33.18,32.67,33.18,12152
2019-03-25 07:00:00,33.18,33.18,33.18,33.18,1879
2019-03-26 07:00:00,33.18,33.48,33.18,33.41,13080
2019-03-27 07:00:00,33.41,33.45,33.18,33.45,57711
2019-03-28 07:00:00,32.94,33.52,32.19,33.45,15639
2019-03-29 07:00:00,33.31,33.31,33.31,33.45,10
2019-04-01 07:00:00,33.31,33.52,33.18,33.52,11415
2019-04-02 07:00:00,33.48,33.52,33.45,33.52,10323
2019-04-03 07:00:00,32.74,32.74,32.74,32.74,332
2019-04-04 07:00:00,33.52,33.52,32.84,33.18,16252
2019-04-05 07:00:00,33.45,33.52,32.84,32.84,19342
2019-04-08 07:00:00,32.84,33.01,32.84,33.01,11740
2019-04-09 07:00:00,32.8,33.18,32.8,33.18,8560
2019-04-10 07:00:00,33.18,33.28,32.8,33.18,4680
2019-04-11 07:00:00,33.34,33.52,33.34,33.41,12560
2019-04-12 07:00:00,33.68,33.68,33.21,33.21,34610
2019-04-16 07:00:00,33.18,33.31,33.18,33.21,18271
2019-04-17 07:00:00,32.53,33.21,32.53,33.21,8400
2019-04-18 07:00:00,33.01,33.21,33.01,33.18,41040
2019-04-19 07:00:00,33.52,33.52,33.52,33.52,100
2019-04-22 07:00:00,33.52,33.82,33.52,33.82,6349
2019-04-23 07:00:00,33.85,33.85,33.55,33.55,3290
2019-04-24 07:00:00,33.34,33.85,32.84,32.84,35857
2019-04-25 07:00:00,32.9,33.52,32.9,33.18,4297
2019-04-26 07:00:00,33.52,33.82,33.01,33.01,22000
2019-05-02 07:00:00,33.52,33.52,33.01,33.52,15642
2019-05-03 07:00:00,33.52,33.52,33.52,33.52,191
2019-05-06 07:00:00,33.52,33.52,33.52,33.52,100
2019-05-07 07:00:00,33.52,33.52,33.52,33.52,6310
2019-05-08 07:00:00,33.52,33.52,33.52,33.52,40
2019-05-09 07:00:00,33.01,33.01,33.01,33.01,100
2019-05-10 07:00:00,33.18,33.38,33.18,33.38,5000
2019-05-13 07:00:00,33.04,33.04,33.01,33.01,2200
2019-05-14 07:00:00,32.84,33.18,32.84,33.01,4601
2019-05-15 07:00:00,33.01,33.01,32.87,33.01,8307
2019-05-16 07:00:00,33.34,33.38,33.34,33.38,6749
2019-05-17 07:00:00,33.45,33.45,33.18,33.45,10088
2019-05-20 07:00:00,33.52,33.52,33.52,33.52,166
2019-05-21 07:00:00,32.57,32.57,32.53,32.53,220
2019-05-22 07:00:00,32.84,32.84,32.84,32.84,2144
2019-05-23 07:00:00,33.41,33.45,33.41,33.45,5101
2019-05-24 07:00:00,33.18,33.18,33.18,33.18,1412
2019-05-28 07:00:00,32.84,32.84,31.99,31.99,311
2019-05-29 07:00:00,32.33,32.33,32.26,32.33,3330
2019-05-30 07:00:00,33.08,33.08,32.6,32.6,610
2019-05-31 07:00:00,33.34,33.34,32.36,32.8,2721
2019-06-03 07:00:00,33.28,33.34,33.28,33.34,2000
2019-06-04 07:00:00,33.48,33.48,33.31,33.48,4032
2019-06-05 07:00:00,33.48,33.52,33.34,33.52,5750
2019-06-06 07:00:00,33.82,33.82,33.82,33.82,100
2019-06-07 07:00:00,35.42,35.52,33.32,33.32,2657
2019-06-10 07:00:00,34.03,35.42,34.03,35.42,19200
2019-06-11 07:00:00,35.38,35.42,35.38,35.42,400
2019-06-12 07:00:00,35.42,35.42,35.42,35.42,68
2019-06-13 07:00:00,33.89,34.74,33.32,34.74,4400
2019-06-14 07:00:00,34.03,34.74,34.03,34.74,600
2019-06-19 07:00:00,34.64,34.64,34.64,34.74,50
2019-06-20 07:00:00,33.57,34.74,33.57,34.74,2600
2019-06-21 07:00:00,34.03,34.03,34.03,34.03,100
2019-06-24 07:00:00,34.03,35.1,34.03,35.1,23800
2019-06-26 07:00:00,34.17,34.17,34.17,35.1,118
2019-06-27 07:00:00,33.75,33.75,33.71,33.71,2390
2019-06-28 07:00:00,34.03,34.03,34.03,34.03,1400
2019-07-01 07:00:00,34.03,34.03,34.03,34.03,3
2019-07-02 07:00:00,34.03,34.03,34.03,34.03,855
2019-07-03 07:00:00,34.03,34.03,34.03,34.03,274
2019-07-04 07:00:00,34.03,34.03,34.03,34.03,203
2019-07-05 07:00:00,34.74,34.74,34.03,34.03,2200
2019-07-08 07:00:00,34.56,34.56,34.56,34.03,137
2019-07-09 07:00:00,34.21,34.21,34.21,34.21,1300
2019-07-10 07:00:00,33.85,33.85,33.78,33.78,1600
2019-07-11 07:00:00,33.85,38.89,33.85,34.74,2300
2019-07-12 07:00:00,34.67,34.67,34.67,34.74,20
2019-07-15 07:00:00,33.71,33.75,33.68,33.68,3039
2019-07-16 07:00:00,34.67,34.67,34.56,34.56,500
2019-07-17 07:00:00,33.68,33.68,33.68,33.68,1015
2019-07-18 07:00:00,33.68,33.68,33.68,33.68,1350
2019-07-19 07:00:00,33.68,33.68,33.5,33.5,1209
2019-07-22 07:00:00,33.43,33.43,33.43,33.43,100
2019-07-23 07:00:00,33.43,33.43,33.43,33.43,1035
2019-07-24 07:00:00,33.43,33.43,33.43,33.43,600
2019-07-25 07:00:00,33.15,33.15,33.15,33.15,300
2019-07-26 07:00:00,33.32,33.32,33.15,33.15,635
2019-07-29 07:00:00,33.15,33.15,32.44,33.15,5800
2019-07-31 07:00:00,32.65,33.15,32.65,32.65,3200
2019-08-01 07:00:00,33.11,33.11,32.47,32.47,7100
2019-08-02 07:00:00,32.76,32.79,32.44,32.79,40641
2019-08-05 07:00:00,32.79,32.9,32.44,32.79,31830
2019-08-06 07:00:00,32.61,32.79,32.12,32.26,28580
2019-08-07 07:00:00,32.65,32.65,32.65,32.65,101
2019-08-08 07:00:00,31.94,32.26,31.9,32.26,27800
2019-08-09 07:00:00,32.22,32.22,31.76,31.76,2360
2019-08-12 07:00:00,31.9,31.9,31.16,31.2,9882
2019-08-13 07:00:00,31.05,31.12,30.84,30.84,28773
2019-08-14 07:00:00,30.66,30.66,30.13,30.13,6994
2019-08-15 07:00:00,29.42,29.42,29.07,29.42,6291
2019-08-16 07:00:00,29.07,29.6,29.07,29.56,10990
2019-08-19 07:00:00,29.78,31.2,29.78,30.49,11000
2019-08-20 07:00:00,30.31,30.31,29.96,29.96,33504
2019-08-21 07:00:00,30.31,30.31,29.78,29.78,9884
2019-08-22 07:00:00,30.1,30.1,29.25,29.78,8502
2019-08-23 07:00:00,29.73,30.14,29.73,30.14,16190
2019-08-26 07:00:00,29.73,29.73,29.53,29.53,15154
2019-08-27 07:00:00,29.69,30.1,29.69,29.73,11900
2019-08-28 07:00:00,30.1,30.1,29.73,29.73,7210
2019-08-29 07:00:00,29.81,29.93,29.73,29.81,5600
2019-08-30 07:00:00,29.93,30.34,29.85,29.85,8142
2019-09-03 07:00:00,30.14,30.14,29.77,29.93,16900
2019-09-04 07:00:00,29.93,29.98,29.73,29.73,2317
2019-09-05 07:00:00,29.73,29.73,29.4,29.4,5951
2019-09-06 07:00:00,29.61,29.73,29.32,29.49,6800
2019-09-09 07:00:00,29.49,29.73,28.51,29.44,60900
2019-09-10 07:00:00,29.53,29.73,25.13,29.32,8646
2019-09-11 07:00:00,29.53,29.53,29.4,29.44,5100
2019-09-12 07:00:00,29.53,29.53,29.4,29.44,38740
2019-09-13 07:00:00,29.53,29.69,29.44,29.69,52284
2019-09-16 07:00:00,29.73,29.73,25.17,29.4,73726
2019-09-17 07:00:00,28.92,29.49,28.92,29.49,57998
2019-09-18 07:00:00,29.4,30.54,29.4,29.97,34406
2019-09-19 07:00:00,29.98,30.14,29.93,30.14,65151
2019-09-20 07:00:00,30.1,30.22,29.77,30.14,25700
2019-09-23 07:00:00,30.14,30.18,29.93,30.18,29620
2019-09-24 07:00:00,30.14,30.14,25.62,30.14,51607
2019-09-25 07:00:00,30.18,30.18,30.06,30.14,13920
2019-09-26 07:00:00,30.14,30.14,25.62,30.14,29510
2019-09-27 07:00:00,30.14,30.18,30.1,30.14,5310
2019-09-30 07:00:00,30.14,30.18,25.62,30.14,44435
2019-10-01 07:00:00,30.06,30.22,30.06,30.14,9530
2019-10-02 07:00:00,30.26,30.26,30.06,30.14,36312
2019-10-03 07:00:00,29.93,30.14,29.89,30.14,24034
2019-10-04 07:00:00,30.18,30.18,30.06,30.06,68530
2019-10-07 07:00:00,30.14,30.14,25.62,30.14,14632
2019-10-08 07:00:00,30.06,30.14,25.58,30.14,19796
2019-10-09 07:00:00,30.14,30.26,30.06,30.14,21499
2019-10-10 07:00:00,30.06,30.14,30.02,30.14,11063
2019-10-11 07:00:00,30.14,30.14,25.66,30.14,13999
2019-10-14 07:00:00,30.14,30.14,29.93,30.14,10466
2019-10-15 07:00:00,30.14,30.14,30.14,30.14,7442
2019-10-16 07:00:00,30.14,30.14,30.02,30.1,21439
2019-10-17 07:00:00,30.14,30.14,25.62,30.14,4508
2019-10-18 07:00:00,30.14,30.14,30.14,30.14,3771
2019-10-21 07:00:00,30.14,30.18,30.06,30.14,20511
2019-10-22 07:00:00,30.14,30.18,30.14,30.14,40425
2019-10-23 07:00:00,30.14,30.14,30.14,30.14,15659
2019-10-24 07:00:00,30.14,30.14,30.14,30.14,3444
2019-10-25 07:00:00,30.14,30.22,25.62,30.22,71713
2019-10-28 07:00:00,30.14,30.3,30.14,30.18,7742
2019-10-29 07:00:00,30.22,30.22,30.14,30.14,17327
2019-10-30 07:00:00,30.18,30.18,25.62,30.14,26700
2019-10-31 07:00:00,30.14,30.42,30.1,30.1,10935
2019-11-01 07:00:00,30.1,30.22,30.1,30.22,3800
2019-11-04 07:00:00,30.14,30.22,25.62,30.14,17761
2019-11-05 07:00:00,30.1,30.18,30.06,30.14,14334
2019-11-06 07:00:00,30.06,30.06,29.93,29.93,8772
2019-11-07 07:00:00,29.93,30.14,29.77,29.81,35688
2019-11-08 07:00:00,29.81,29.93,29.77,29.93,7275
2019-11-11 07:00:00,29.93,30.06,29.73,29.93,3485
2019-11-12 07:00:00,29.93,29.93,29.93,29.93,1147
2019-11-13 07:00:00,29.73,29.73,25.66,29.53,10820
2019-11-14 07:00:00,29.61,34.09,29.61,29.89,37860
2019-11-15 07:00:00,30.14,30.14,30.14,30.14,495
2019-11-18 07:00:00,30.14,30.14,29.93,29.93,6780
2019-11-19 07:00:00,29.93,30.54,27.9,30.54,49011
2019-11-20 07:00:00,28.71,30.34,28.71,30.34,41635
2019-11-21 07:00:00,30.14,30.14,30.14,30.14,10373
2019-11-22 07:00:00,30.14,30.14,25.66,29.73,2128
2019-11-25 07:00:00,29.61,29.77,25.58,29.73,23611
2019-11-26 07:00:00,29.2,29.57,29.2,29.32,13734
2019-11-27 07:00:00,29.32,29.32,29.12,29.12,7485
2019-11-28 07:00:00,28.92,29.32,28.51,28.51,12786
2019-11-29 07:00:00,28.3,28.75,28.3,28.75,3321
2019-12-02 07:00:00,28.71,30.95,24.44,30.75,163964
2019-12-03 07:00:00,30.95,34.13,26.06,31.36,166474
2019-12-04 07:00:00,31.77,36.65,27.69,33.48,249783
2019-12-05 07:00:00,33.4,33.6,32.58,32.17,30788
2019-12-06 07:00:00,32.13,32.17,30.79,30.79,22917
2019-12-09 07:00:00,30.79,31.28,29.93,30.14,51411
2019-12-10 07:00:00,30.14,30.54,29.73,29.77,10330
2019-12-11 07:00:00,29.36,29.85,29.32,29.77,12822
2019-12-12 07:00:00,29.32,29.53,25.25,29.36,27307
2019-12-13 07:00:00,29.32,29.53,29.32,29.32,20387
2019-12-16 07:00:00,29.32,30.14,29.32,29.73,18351
2019-12-17 07:00:00,29.65,29.73,29.53,29.32,15020
2019-12-18 07:00:00,29.53,29.73,29.24,29.32,6958
2019-12-19 07:00:00,29.24,29.53,29.24,29.32,1930
2019-12-20 07:00:00,29.32,29.32,29.32,29.32,10905
2019-12-23 07:00:00,29.28,29.32,29.12,29.12,14297
2019-12-24 07:00:00,29.32,29.32,29.12,29.32,36352
2019-12-25 07:00:00,29.28,29.32,29.28,29.28,7820
2019-12-26 07:00:00,29.32,29.32,29.32,29.32,9648
2019-12-27 07:00:00,29.32,29.85,29.32,29.53,19090
2019-12-30 07:00:00,29.69,29.69,29.69,29.53,32450
2019-12-31 07:00:00,29.32,29.32,29.28,29.32,3300
2020-01-02 07:00:00,29.53,29.65,29.53,29.32,23053
2020-01-03 07:00:00,29.49,29.49,29.16,29.32,6150
2020-01-06 07:00:00,29.32,29.32,29.04,29.0,17517
2020-01-07 07:00:00,29.0,29.08,29.0,29.08,11477
2020-01-08 07:00:00,29.0,29.0,28.92,28.51,6940
2020-01-09 07:00:00,28.51,29.12,28.51,29.12,2662
2020-01-10 07:00:00,28.92,28.92,28.92,28.92,4825
2020-01-13 07:00:00,28.92,28.92,28.47,28.47,4550
2020-01-14 07:00:00,28.55,28.55,28.1,28.1,4200
2020-01-15 07:00:00,28.3,28.3,26.88,26.88,14310
2020-01-16 07:00:00,27.45,27.49,27.08,27.08,9809
2020-01-17 07:00:00,28.43,28.43,27.49,28.06,3600
2020-01-20 07:00:00,28.47,28.51,28.06,28.18,10055
2020-01-21 07:00:00,28.3,28.3,28.3,28.3,892
2020-01-22 07:00:00,28.26,28.26,27.49,27.69,16409
2020-01-30 07:00:00,27.69,27.69,27.29,27.29,4533
2020-01-31 07:00:00,27.29,27.45,27.04,27.08,10455
2020-02-03 07:00:00,27.08,27.08,25.74,26.47,17950
2020-02-04 07:00:00,26.47,26.47,26.06,26.43,21500
2020-02-05 07:00:00,26.47,28.1,26.31,26.88,37600
2020-02-06 07:00:00,26.8,27.9,26.8,27.82,6202
2020-02-07 07:00:00,27.9,28.3,27.82,28.3,11260
2020-02-10 07:00:00,27.37,28.02,27.37,27.61,7460
2020-02-11 07:00:00,27.9,28.02,27.69,27.9,4877
2020-02-12 07:00:00,28.1,28.1,24.44,28.1,6710
2020-02-13 07:00:00,28.18,28.18,27.53,27.53,12273
2020-02-14 07:00:00,27.9,27.9,27.57,27.57,9079
2020-02-17 07:00:00,27.29,27.57,27.29,27.33,7940
2020-02-18 07:00:00,27.37,27.37,27.37,27.37,3500
2020-02-19 07:00:00,27.29,27.69,27.29,27.33,3410
2020-02-20 07:00:00,27.29,27.69,27.29,27.41,7514
2020-02-21 07:00:00,27.69,27.9,27.49,27.61,9409
2020-02-24 07:00:00,27.49,27.65,27.49,27.49,8524
2020-02-25 07:00:00,25.29,27.82,25.29,27.82,24215
2020-02-26 07:00:00,27.69,27.69,27.65,27.65,4169
2020-02-27 07:00:00,27.37,27.65,27.37,27.65,8640
2020-02-28 07:00:00,27.29,27.29,27.29,27.29,8505
2020-03-02 07:00:00,27.29,27.49,27.29,27.29,2255
2020-03-03 07:00:00,27.29,27.37,27.29,27.37,11994
2020-03-04 07:00:00,27.29,31.4,27.29,27.29,8200
2020-03-05 07:00:00,27.33,27.49,27.29,27.29,15600
2020-03-06 07:00:00,27.29,27.29,27.16,27.29,4812
2020-03-09 07:00:00,27.29,27.29,25.86,26.11,27466
2020-03-10 07:00:00,26.96,27.08,26.96,26.96,6575
2020-03-11 07:00:00,27.0,31.07,26.31,26.68,3050
2020-03-12 07:00:00,26.06,26.06,22.81,23.26,30300
2020-03-13 07:00:00,22.03,24.03,22.03,23.62,8100
2020-03-16 07:00:00,23.62,23.82,23.21,23.66,21044
2020-03-17 07:00:00,23.99,24.03,20.12,24.03,10904
2020-03-18 07:00:00,23.87,24.03,22.81,22.81,17650
2020-03-19 07:00:00,23.58,23.58,23.46,23.54,4500
2020-03-20 07:00:00,23.46,26.96,22.72,22.72,18687
2020-03-23 07:00:00,22.44,22.44,20.77,21.99,33828
2020-03-24 07:00:00,21.71,24.44,21.58,24.44,34940
2020-03-25 07:00:00,23.21,24.03,23.21,23.34,3909
2020-03-26 07:00:00,23.34,23.34,23.17,23.21,17602
2020-03-27 07:00:00,23.62,23.62,22.81,23.21,22627
2020-03-30 07:00:00,23.62,23.62,22.77,23.01,7978
2020-03-31 07:00:00,22.97,23.21,22.81,23.21,12700
2020-04-01 07:00:00,23.62,23.82,23.62,23.82,21030
2020-04-03 07:00:00,24.03,25.7,20.2,25.54,38697
2020-04-06 07:00:00,25.58,28.1,21.46,28.1,67160
2020-04-07 07:00:00,28.1,28.59,23.34,28.55,96337
2020-04-08 07:00:00,28.43,28.43,27.29,27.9,38513
2020-04-09 07:00:00,27.9,28.51,27.37,27.37,37462
2020-04-10 07:00:00,27.29,27.29,23.58,26.8,27862
2020-04-13 07:00:00,26.88,26.88,26.06,26.51,24330
2020-04-14 07:00:00,26.47,26.68,26.47,26.68,11335
2020-04-15 07:00:00,26.72,27.69,22.56,26.72,25658
2020-04-16 07:00:00,27.08,27.29,27.08,27.12,7368
2020-04-17 07:00:00,27.69,28.26,27.69,27.69,46814
2020-04-20 07:00:00,27.82,27.86,27.49,27.86,25708
2020-04-21 07:00:00,27.65,27.65,26.47,26.88,29820
2020-04-22 07:00:00,26.47,27.2,26.06,27.2,13729
2020-04-23 07:00:00,26.88,27.29,26.47,27.29,15164
2020-04-24 07:00:00,27.29,27.49,27.08,27.49,19548
2020-04-27 07:00:00,27.61,27.61,27.29,27.33,9334
2020-04-28 07:00:00,27.49,27.53,23.26,27.53,13292
2020-04-29 07:00:00,27.69,27.69,27.33,27.49,10756
2020-05-04 07:00:00,27.53,27.53,27.16,27.29,5731
2020-05-05 07:00:00,27.08,27.25,26.96,27.08,6465
2020-05-06 07:00:00,27.29,27.41,27.0,27.41,20110
2020-05-07 07:00:00,27.29,27.69,23.17,27.61,2248
2020-05-08 07:00:00,27.53,27.69,27.37,27.37,23536
2020-05-11 07:00:00,27.61,27.65,27.08,27.61,21030
2020-05-12 07:00:00,27.45,27.61,27.37,27.37,7486
2020-05-13 07:00:00,27.41,27.57,27.08,27.37,9070
2020-05-14 07:00:00,27.37,27.9,27.37,27.82,50586
2020-05-15 07:00:00,27.61,27.65,27.49,27.49,15045
2020-05-18 07:00:00,27.61,28.02,27.41,27.49,9221
2020-05-19 07:00:00,27.49,27.69,27.29,27.33,24807
2020-05-20 07:00:00,27.45,27.69,27.33,27.69,9048
2020-05-21 07:00:00,27.65,27.69,27.45,27.45,17345
2020-05-22 07:00:00,27.61,27.61,27.45,27.45,9220
2020-05-25 07:00:00,27.78,27.78,27.37,27.61,5756
2020-05-26 07:00:00,27.69,27.69,27.49,27.61,36140
2020-05-27 07:00:00,27.49,27.61,27.49,27.57,17301
2020-05-28 07:00:00,27.57,27.69,27.49,27.57,27412
2020-05-29 07:00:00,27.57,29.32,27.57,28.47,40951
2020-06-01 07:00:00,28.51,29.73,28.51,29.32,53894
2020-06-02 07:00:00,29.24,29.73,29.24,29.53,27747
2020-06-03 07:00:00,29.32,29.4,29.28,29.32,14890
2020-06-04 07:00:00,29.32,29.32,27.12,29.32,16355
2020-06-05 07:00:00,29.28,29.53,29.28,29.32,25782
2020-06-08 07:00:00,29.32,29.69,29.28,29.36,23924
2020-06-09 07:00:00,29.36,29.4,29.04,29.32,23812
2020-06-10 07:00:00,29.32,29.4,29.32,29.36,37186
2020-06-11 07:00:00,29.32,29.4,28.92,29.16,64637
2020-06-12 07:00:00,28.51,28.92,28.1,29.12,19257
2020-06-15 07:00:00,28.43,28.92,28.1,28.1,4836
2020-06-16 07:00:00,28.55,29.12,27.9,28.92,26300
2020-06-17 07:00:00,28.39,28.88,28.1,28.43,13064
2020-06-18 07:00:00,27.9,28.47,27.37,28.1,33658
2020-06-19 07:00:00,27.9,28.39,27.9,28.1,27370
2020-06-22 07:00:00,28.18,28.55,28.18,28.51,22480
2020-06-23 07:00:00,28.71,28.75,28.51,28.67,26415
2020-06-24 07:00:00,29.32,29.4,28.92,29.36,112326
2020-06-25 07:00:00,29.32,29.32,28.51,29.24,24210
2020-06-26 07:00:00,29.12,29.2,28.92,28.92,20100
2020-06-29 07:00:00,28.96,28.96,28.3,28.67,3930
2020-06-30 07:00:00,28.71,28.71,28.1,28.22,17220
2020-07-01 07:00:00,28.47,28.63,28.39,28.51,19696
2020-07-02 07:00:00,28.51,28.71,28.1,28.51,24215
2020-07-03 07:00:00,28.51,28.63,28.1,28.47,11225
2020-07-06 07:00:00,28.14,28.96,28.14,28.92,34191
2020-07-07 07:00:00,28.63,29.32,28.63,29.32,62320
2020-07-08 07:00:00,29.32,29.32,28.22,29.28,22833
2020-07-09 07:00:00,29.32,29.32,29.24,29.28,23612
2020-07-10 07:00:00,29.12,29.4,29.0,29.32,52296
2020-07-13 07:00:00,29.32,29.32,29.12,29.28,18444
2020-07-14 07:00:00,29.24,29.28,29.24,29.28,41920
2020-07-15 07:00:00,29.28,29.32,29.12,29.28,19430
2020-07-16 07:00:00,29.08,29.32,29.08,29.32,27025
2020-07-17 07:00:00,29.32,29.32,29.16,29.32,15730
2020-07-20 07:00:00,29.32,29.32,29.08,29.08,13565
2020-07-21 07:00:00,29.28,29.32,29.28,29.32,12717
2020-07-22 07:00:00,29.32,29.32,29.28,29.32,28020
2020-07-23 07:00:00,29.12,29.24,29.04,29.04,11549
2020-07-24 07:00:00,28.92,29.2,28.51,29.2,130585
2020-07-27 07:00:00,28.1,29.0,28.1,28.43,94672
2020-07-28 07:00:00,28.55,29.0,28.51,28.92,60560
2020-07-29 07:00:00,28.92,29.28,28.92,29.12,66960
2020-07-30 07:00:00,29.08,31.36,29.08,29.93,68331
2020-07-31 07:00:00,30.34,30.54,29.81,30.02,57722
2020-08-03 07:00:00,30.02,30.54,29.53,29.89,66080
2020-08-04 07:00:00,30.02,30.75,29.89,30.75,277368
2020-08-05 07:00:00,30.54,31.4,30.54,31.07,154470
2020-08-06 07:00:00,31.12,31.36,31.03,31.07,132517
2020-08-07 07:00:00,31.03,31.03,30.67,30.67,141900
2020-08-10 07:00:00,32.61,32.61,30.88,31.14,65264
2020-08-11 07:00:00,31.14,31.14,30.75,30.96,80070
2020-08-12 07:00:00,30.88,30.96,30.79,30.88,45067
2020-08-13 07:00:00,30.88,31.18,30.88,31.14,38950
2020-08-14 07:00:00,31.14,31.14,30.75,30.88,46745
2020-08-17 07:00:00,30.88,30.88,30.62,30.79,47870
2020-08-18 07:00:00,30.79,30.96,30.75,30.83,53324
2020-08-19 07:00:00,30.83,30.96,30.83,30.92,15710
2020-08-20 07:00:00,30.92,31.01,30.83,30.88,34658
2020-08-21 07:00:00,30.88,31.61,30.88,31.18,57950
2020-08-24 07:00:00,31.61,31.61,30.96,31.18,95755
2020-08-25 07:00:00,31.18,31.4,31.09,31.18,145877
2020-08-26 07:00:00,31.18,31.35,31.09,31.18,73840
2020-08-27 07:00:00,31.22,31.83,31.22,31.61,84217
2020-08-28 07:00:00,31.66,31.96,31.66,31.79,42540
2020-08-31 07:00:00,31.74,32.05,31.7,31.83,21244
2020-09-01 07:00:00,31.83,32.26,31.74,32.05,50658
2020-09-03 07:00:00,31.92,32.48,31.92,32.48,78794
2020-09-04 07:00:00,32.05,32.7,31.87,32.48,30445
2020-09-07 07:00:00,32.52,32.91,31.57,32.0,57056
2020-09-08 07:00:00,32.18,32.18,31.66,31.87,69130
2020-09-09 07:00:00,31.4,32.91,31.4,32.7,32033
2020-09-10 07:00:00,32.26,32.48,32.05,32.48,22642
2020-09-11 07:00:00,32.26,32.26,32.05,32.09,13185
2020-09-14 07:00:00,32.09,32.7,32.05,32.05,52685
2020-09-15 07:00:00,32.48,32.48,32.26,32.26,51414
2020-09-16 07:00:00,32.39,32.48,32.26,32.44,6855
2020-09-17 07:00:00,32.44,32.48,32.22,32.22,25459
2020-09-18 07:00:00,32.22,32.44,32.13,32.39,30999
2020-09-21 07:00:00,32.44,32.44,32.13,32.13,34865
2020-09-22 07:00:00,32.09,32.22,32.05,32.22,30800
2020-09-23 07:00:00,32.09,32.13,31.87,32.0,31651
2020-09-24 07:00:00,32.0,32.26,31.96,32.22,22800
2020-09-25 07:00:00,32.0,32.0,31.87,31.87,8980
2020-09-28 07:00:00,31.87,32.05,31.87,31.92,8247
2020-09-29 07:00:00,31.96,32.09,31.96,32.05,44476
2020-09-30 07:00:00,32.0,32.0,31.96,32.0,2110
2020-10-01 07:00:00,32.0,32.0,31.61,31.83,38800
2020-10-02 07:00:00,31.74,31.74,31.31,31.35,32870
2020-10-05 07:00:00,31.57,32.35,31.57,32.05,84615
2020-10-06 07:00:00,32.05,32.26,31.74,32.26,114487
2020-10-07 07:00:00,32.26,32.31,32.05,32.26,131803
2020-10-08 07:00:00,32.05,32.26,32.05,32.05,131663
2020-10-09 07:00:00,32.26,33.13,32.09,32.48,104688
2020-10-12 07:00:00,32.48,33.35,32.48,32.91,38905
2020-10-13 07:00:00,32.91,33.09,32.7,32.91,59337
2020-10-14 07:00:00,33.0,33.78,32.48,33.09,43140
2020-10-15 07:00:00,33.13,33.56,32.87,33.09,71210
2020-10-16 07:00:00,32.91,33.52,32.91,33.35,119464
2020-10-19 07:00:00,33.74,33.87,33.56,33.56,17209
2020-10-20 07:00:00,32.96,33.35,32.83,33.35,9115
2020-10-21 07:00:00,33.52,34.0,33.35,33.35,28415
2020-10-22 07:00:00,33.56,33.56,33.39,33.56,14764
2020-10-23 07:00:00,33.56,33.78,33.35,33.78,45411
2020-10-26 07:00:00,33.74,33.78,33.56,33.74,17964
2020-10-27 07:00:00,33.74,33.74,32.96,33.13,25663
2020-10-28 07:00:00,33.3,33.43,30.32,31.4,165444
2020-10-29 07:00:00,31.18,31.44,31.18,31.27,89353
2020-10-30 07:00:00,31.61,31.83,31.4,31.61,45688
2020-11-02 07:00:00,31.57,32.48,31.57,31.96,75649
2020-11-03 07:00:00,32.13,32.26,31.96,32.05,36847
2020-11-04 07:00:00,32.18,32.91,32.0,32.65,98605
2020-11-05 07:00:00,32.65,32.74,32.48,32.65,42763
2020-11-06 07:00:00,32.7,33.09,32.65,33.04,75820
2020-11-09 07:00:00,32.91,34.21,32.91,34.17,132758
2020-11-10 07:00:00,34.17,35.08,34.17,34.73,124036
2020-11-11 07:00:00,33.78,35.08,33.78,34.78,58885
2020-11-12 07:00:00,34.82,34.86,34.43,34.73,43329
2020-11-13 07:00:00,34.86,34.86,34.26,34.43,36740
2020-11-16 07:00:00,34.52,34.65,34.0,34.3,55489
2020-11-17 07:00:00,34.13,35.47,34.13,35.3,174363
2020-11-18 07:00:00,35.21,37.03,35.08,36.81,191465
2020-11-19 07:00:00,36.77,38.11,36.38,37.85,123012
2020-11-20 07:00:00,37.29,38.72,37.24,38.5,94625
2020-11-23 07:00:00,38.33,38.54,37.68,38.5,91043
2020-11-24 07:00:00,38.46,39.02,38.33,38.98,109493
2020-11-25 07:00:00,39.02,39.02,38.54,38.98,59875
2020-11-26 07:00:00,38.98,39.97,38.85,39.89,111206
2020-11-27 07:00:00,40.06,40.92,40.06,40.49,159511
2020-11-30 07:00:00,40.49,40.49,39.24,39.45,101913
2020-12-01 07:00:00,38.98,40.28,38.98,40.06,104926
2020-12-02 07:00:00,40.28,40.36,40.1,40.36,98706
2020-12-03 07:00:00,40.28,40.36,40.28,40.28,54243
2020-12-04 07:00:00,40.28,40.71,40.28,40.71,52547
2020-12-07 07:00:00,40.32,40.71,40.32,40.49,32756
2020-12-08 07:00:00,40.58,40.71,40.49,40.62,47906
2020-12-09 07:00:00,40.66,40.84,40.66,40.75,99830
2020-12-10 07:00:00,40.71,40.71,40.49,40.49,46373
2020-12-11 07:00:00,40.58,40.58,40.36,40.4,20462
2020-12-14 07:00:00,40.58,40.71,40.28,40.4,22110
2020-12-15 07:00:00,40.49,40.49,40.28,40.32,35774
2020-12-16 07:00:00,40.19,40.36,39.84,40.28,25366
2020-12-17 07:00:00,39.84,40.19,39.45,40.19,48255
2020-12-18 07:00:00,40.49,40.49,39.41,39.76,68751
2020-12-21 07:00:00,40.28,40.28,39.41,39.58,17510
2020-12-22 07:00:00,39.76,39.84,39.45,39.84,58056
2020-12-23 07:00:00,39.63,39.76,39.63,39.63,30606
2020-12-24 07:00:00,40.23,40.23,39.45,39.84,13140
2020-12-25 07:00:00,39.67,39.84,39.58,39.58,8549
2020-12-28 07:00:00,39.58,40.45,39.58,39.63,62400
2020-12-29 07:00:00,39.84,39.84,39.5,39.84,34767
2020-12-30 07:00:00,39.84,40.19,39.63,39.63,23871
2020-12-31 07:00:00,40.06,40.36,39.84,40.28,70147
2021-01-04 07:00:00,40.92,41.14,40.84,40.92,18997
2021-01-05 07:00:00,40.92,41.14,40.71,40.71,61167
2021-01-06 07:00:00,40.71,41.14,40.23,40.92,55989
2021-01-07 07:00:00,40.45,41.14,40.45,40.49,8732
2021-01-08 07:00:00,40.71,42.18,40.71,42.01,165427
2021-01-11 07:00:00,42.01,43.09,42.01,42.92,78851
2021-01-12 07:00:00,43.09,43.09,42.79,42.87,45070
2021-01-13 07:00:00,42.87,43.31,42.87,43.05,63996
2021-01-14 07:00:00,43.09,43.09,42.87,42.87,33163
2021-01-15 07:00:00,42.87,43.0,42.05,42.44,34900
2021-01-18 07:00:00,42.61,42.66,42.09,42.44,39455
2021-01-19 07:00:00,42.44,42.44,36.81,40.49,32445
2021-01-20 07:00:00,40.84,40.92,40.28,40.84,25256
2021-01-21 07:00:00,42.44,42.44,41.06,42.01,25109
2021-01-22 07:00:00,41.7,42.18,40.71,41.79,36380
2021-01-25 07:00:00,42.01,42.01,41.14,41.53,22530
2021-01-26 07:00:00,41.14,41.36,40.28,41.14,39294
2021-01-27 07:00:00,40.88,40.88,40.06,40.06,31110
2021-01-28 07:00:00,39.19,39.24,38.07,38.07,78435
2021-01-29 07:00:00,38.07,40.45,38.07,40.45,19650
2021-02-01 07:00:00,41.14,41.14,39.02,39.63,32020
2021-02-02 07:00:00,39.76,40.23,38.46,40.06,16056
2021-02-03 07:00:00,40.28,40.71,40.06,40.49,23800
2021-02-04 07:00:00,40.71,40.8,40.23,40.23,19210
2021-02-05 07:00:00,40.49,40.49,40.23,40.36,21592
2021-02-08 07:00:00,41.1,41.1,39.84,40.28,55800
2021-02-09 07:00:00,40.28,40.62,40.28,40.28,18387
2021-02-17 07:00:00,40.45,40.88,40.36,40.88,15515
2021-02-18 07:00:00,40.92,41.53,40.92,41.14,28163
2021-02-19 07:00:00,41.14,41.32,41.06,41.14,20841
2021-02-22 07:00:00,41.14,41.36,40.92,41.14,15816
2021-02-23 07:00:00,41.14,41.23,40.88,40.88,22626
2021-02-24 07:00:00,41.14,41.14,40.8,40.97,24648
2021-02-25 07:00:00,41.58,41.58,40.92,41.01,17924
2021-02-26 07:00:00,41.06,41.06,40.92,41.01,19500
2021-03-01 07:00:00,40.97,41.32,40.97,41.23,16415
2021-03-02 07:00:00,41.18,41.18,40.71,40.71,25070
2021-03-03 07:00:00,41.14,45.47,41.14,41.49,23300
2021-03-04 07:00:00,41.23,41.23,41.01,41.1,22811
2021-03-05 07:00:00,42.44,42.44,40.71,41.01,49110
2021-03-08 07:00:00,41.58,45.04,41.58,42.44,59154
2021-03-09 07:00:00,42.44,42.66,42.14,42.44,75324
2021-03-10 07:00:00,42.18,42.4,42.18,42.27,16003
2021-03-11 07:00:00,42.27,42.31,42.09,42.09,29347
2021-03-12 07:00:00,42.18,42.87,42.18,42.48,44305
2021-03-15 07:00:00,42.44,42.87,42.01,42.66,24854
2021-03-16 07:00:00,42.44,42.87,42.44,42.83,33413
2021-03-17 07:00:00,42.74,42.79,42.66,42.79,14627
2021-03-18 07:00:00,42.87,43.09,42.79,42.96,34224
2021-03-19 07:00:00,43.26,43.74,42.87,43.52,51390
2021-03-22 07:00:00,43.48,44.61,43.48,43.91,19429
2021-03-23 07:00:00,44.61,45.04,43.91,44.48,31653
2021-03-24 07:00:00,43.74,45.47,43.74,45.47,87979
2021-03-25 07:00:00,45.9,48.68,45.9,46.77,97364
2021-03-26 07:00:00,45.9,46.82,43.31,45.26,41984
2021-03-29 07:00:00,44.61,47.64,43.31,44.39,27124
2021-03-30 07:00:00,43.39,44.35,43.31,43.39,60700
2021-03-31 07:00:00,43.39,45.04,43.31,43.74,33641
2021-04-01 07:00:00,45.43,45.43,43.52,44.52,14776
2021-04-02 07:00:00,45.04,47.64,43.91,44.17,15810
2021-04-05 07:00:00,44.61,45.9,43.83,44.17,16777
2021-04-06 07:00:00,44.09,44.78,44.04,44.09,15400
2021-04-07 07:00:00,44.82,44.82,43.74,44.17,14010
2021-04-08 07:00:00,44.09,44.61,43.74,44.13,18320
2021-04-09 07:00:00,43.74,44.61,43.35,43.87,24050
2021-04-12 07:00:00,44.26,45.04,44.26,45.04,34832
2021-04-13 07:00:00,44.61,44.87,44.35,44.56,20354
2021-04-14 07:00:00,45.47,45.82,43.83,45.13,84527
2021-04-15 07:00:00,45.47,46.6,45.47,45.69,69613
2021-04-16 07:00:00,46.34,46.34,45.47,45.9,24705
2021-04-19 07:00:00,45.95,47.25,45.47,46.99,47235
2021-04-20 07:00:00,46.99,46.99,46.12,46.34,11970
2021-04-22 07:00:00,45.69,45.69,44.26,45.47,61230
2021-04-23 07:00:00,45.47,46.34,45.47,45.9,27420
2021-04-26 07:00:00,45.9,47.64,45.13,45.9,23723
2021-04-27 07:00:00,45.9,45.9,45.47,45.47,15500
2021-04-28 07:00:00,45.47,45.69,45.47,45.69,9326
2021-04-29 07:00:00,46.34,47.59,45.52,46.77,3448
2021-05-04 07:00:00,46.94,46.94,45.13,46.77,4605
2021-05-05 07:00:00,46.34,46.86,46.34,46.68,30441
2021-05-06 07:00:00,46.94,47.2,46.77,46.94,30312
2021-05-07 07:00:00,46.82,47.64,46.77,47.2,14302
2021-05-10 07:00:00,47.2,47.2,47.2,47.2,481
2021-05-11 07:00:00,47.2,48.07,47.2,47.38,3851
2021-05-12 07:00:00,48.07,48.07,46.99,47.2,22454
2021-05-13 07:00:00,47.2,48.03,46.99,47.64,37209
2021-05-14 07:00:00,48.94,48.94,47.59,48.11,6532
2021-05-17 07:00:00,48.5,49.37,48.5,48.94,48370
2021-05-18 07:00:00,48.94,49.37,48.07,49.15,8474
2021-05-19 07:00:00,51.54,51.54,49.37,50.32,35919
2021-05-20 07:00:00,50.67,50.67,50.32,50.63,5115
2021-05-21 07:00:00,50.63,51.54,50.63,51.14,20004
2021-05-24 07:00:00,51.1,58.46,51.1,51.45,36115
2021-05-25 07:00:00,51.97,51.97,50.88,50.88,49944
2021-05-26 07:00:00,51.54,51.54,50.45,50.45,11635
2021-05-27 07:00:00,51.1,51.1,49.8,50.24,18033
2021-05-28 07:00:00,50.67,50.67,49.8,50.41,7969
2021-05-31 07:00:00,51.1,51.66,50.5,51.1,40013
2021-06-01 07:00:00,53.36,53.36,51.78,51.78,35550
2021-06-02 07:00:00,52.68,52.68,51.78,52.68,7203
2021-06-03 07:00:00,51.78,52.46,51.33,52.46,42560
2021-06-04 07:00:00,52.01,52.01,51.78,51.78,24555
2021-06-07 07:00:00,51.83,51.83,51.74,51.74,26300
2021-06-08 07:00:00,52.23,52.23,49.89,51.69,1600
2021-06-09 07:00:00,51.6,51.6,49.58,50.21,2098
2021-06-10 07:00:00,50.21,51.65,50.21,50.43,1400
2021-06-11 07:00:00,50.43,51.33,50.43,50.57,2529
2021-06-14 07:00:00,50.57,51.69,50.57,51.33,17603
2021-06-15 07:00:00,51.78,51.83,51.33,51.83,31282
2021-06-16 07:00:00,51.83,52.01,51.78,52.01,8899
2021-06-17 07:00:00,51.69,52.19,51.69,51.78,11485
2021-06-18 07:00:00,52.01,52.01,51.65,51.65,42712
2021-06-21 07:00:00,50.43,51.69,50.43,51.33,2405
2021-06-22 07:00:00,51.15,51.15,50.66,50.66,7200
2021-06-23 07:00:00,50.7,51.33,50.7,50.88,2027
2021-06-24 07:00:00,50.88,51.78,50.88,50.93,1900
2021-06-25 07:00:00,51.56,51.56,50.97,50.97,5411
2021-06-28 07:00:00,50.88,52.01,50.88,51.56,3564
2021-06-29 07:00:00,58.76,58.76,51.33,51.42,8335
2021-06-30 07:00:00,51.78,51.78,50.88,51.74,14950
2021-07-01 07:00:00,51.78,51.78,51.33,51.33,9010
2021-07-02 07:00:00,51.33,51.38,50.88,50.88,58201
2021-07-05 07:00:00,51.42,51.42,50.84,50.84,36728
2021-07-06 07:00:00,51.11,51.11,50.88,50.88,36694
2021-07-07 07:00:00,50.79,51.33,50.79,50.88,29426
2021-07-08 07:00:00,51.33,52.19,51.33,52.01,10746
2021-07-09 07:00:00,53.99,53.99,51.83,52.68,3410
2021-07-12 07:00:00,52.91,54.04,50.43,52.41,16089
2021-07-13 07:00:00,51.51,59.21,51.51,53.09,4511
2021-07-14 07:00:00,53.04,53.09,51.11,51.33,7904
2021-07-15 07:00:00,53.72,53.72,51.78,52.23,800
2021-07-16 07:00:00,53.22,53.22,52.01,52.1,1722
2021-07-19 07:00:00,51.38,51.78,50.93,51.33,29000
2021-07-20 07:00:00,53.58,53.58,52.68,52.96,1600
2021-07-21 07:00:00,52.23,52.91,51.33,52.23,8845
2021-07-22 07:00:00,52.23,52.23,52.19,52.23,16100
2021-07-23 07:00:00,52.23,52.23,51.78,52.23,7247
2021-07-26 07:00:00,50.93,53.09,50.93,52.59,14927
2021-07-27 07:00:00,52.68,53.27,51.78,53.27,39900
2021-07-28 07:00:00,53.14,54.04,53.14,53.99,10815
2021-07-29 07:00:00,54.04,57.86,53.99,56.47,17034
2021-07-30 07:00:00,54.58,58.09,54.58,56.74,26030
2021-08-02 07:00:00,57.19,57.86,57.14,57.14,7201
2021-08-03 07:00:00,56.96,57.19,55.84,56.69,6400
2021-08-04 07:00:00,56.69,57.59,56.29,56.74,63061
2021-08-05 07:00:00,58.04,58.04,56.29,56.29,29952
2021-08-06 07:00:00,58.09,58.09,56.74,56.74,35769
2021-08-09 07:00:00,56.74,57.55,56.29,57.55,7823
2021-08-10 07:00:00,57.19,58.09,57.19,57.41,29713
2021-08-11 07:00:00,58.09,58.09,57.64,57.86,7376
2021-08-12 07:00:00,56.78,57.77,56.78,57.68,500
2021-08-13 07:00:00,57.68,57.68,54.04,56.29,47700
2021-08-16 07:00:00,56.38,57.64,56.29,57.41,68769
2021-08-17 07:00:00,56.92,57.19,56.29,57.1,3702
2021-08-18 07:00:00,56.51,58.54,56.42,57.86,43500
2021-08-19 07:00:00,57.86,57.86,57.77,57.86,3130
2021-08-20 07:00:00,57.77,57.86,56.33,57.86,17530
2021-08-23 07:00:00,56.33,57.91,56.33,56.56,2500
2021-08-24 07:00:00,56.6,57.91,56.24,57.91,75950
2021-08-25 07:00:00,58.54,59.57,57.19,57.23,27005
2021-08-26 07:00:00,59.08,59.08,57.28,58.54,2450
2021-08-27 07:00:00,58.27,58.54,57.77,58.54,4800
2021-08-30 07:00:00,58.54,59.57,57.64,57.64,33800
2021-08-31 07:00:00,58.94,58.94,56.29,58.49,37330
2021-09-01 07:00:00,56.33,58.22,56.24,57.1,16300
2021-09-06 07:00:00,59.39,59.39,56.29,56.29,34010
2021-09-07 07:00:00,56.33,57.59,56.29,57.5,7607
2021-09-08 07:00:00,57.46,57.46,56.33,56.74,5800
2021-09-09 07:00:00,57.46,57.46,55.93,56.51,3000
2021-09-10 07:00:00,56.56,56.69,55.84,56.51,11574
2021-09-13 07:00:00,55.66,58.18,55.66,57.14,1100
2021-09-14 07:00:00,56.96,57.19,56.29,56.33,7600
2021-09-15 07:00:00,56.74,56.74,56.51,56.74,14004
2021-09-16 07:00:00,57.5,57.5,56.29,56.29,9000
2021-09-17 07:00:00,57.1,57.1,56.29,56.29,12660
2021-09-20 07:00:00,57.19,57.19,55.84,56.29,5520
2021-09-21 07:00:00,54.17,56.24,54.12,55.61,5200
2021-09-22 07:00:00,55.84,56.29,55.39,55.61,4532
2021-09-23 07:00:00,55.39,55.61,55.39,55.57,4502
2021-09-24 07:00:00,56.51,56.51,55.84,56.2,8500
2021-09-27 07:00:00,56.96,56.96,55.61,55.61,2803
2021-09-28 07:00:00,56.29,56.29,55.84,55.97,2100
2021-09-29 07:00:00,55.39,56.11,54.53,55.61,4042
2021-09-30 07:00:00,56.2,56.2,54.53,55.79,4600
2021-10-01 07:00:00,55.3,55.3,54.94,54.94,3082
2021-10-04 07:00:00,55.03,55.12,55.03,55.12,3507
2021-10-05 07:00:00,55.07,55.43,54.85,55.43,6500
2021-10-06 07:00:00,55.03,55.52,54.94,54.98,6401
2021-10-07 07:00:00,56.2,62.95,55.07,55.07,9149
2021-10-08 07:00:00,56.02,56.51,55.75,56.51,13318
2021-10-11 07:00:00,56.6,56.6,54.98,56.15,8778
2021-10-12 07:00:00,55.07,56.51,54.94,56.29,9909
2021-10-13 07:00:00,55.3,55.3,54.94,54.94,5489
2021-10-14 07:00:00,54.94,55.16,54.94,54.94,4524
2021-10-15 07:00:00,54.94,54.94,54.49,54.49,2100
2021-10-18 07:00:00,54.71,54.71,54.71,54.71,4200
2021-10-19 07:00:00,54.71,55.61,54.71,55.3,2706
2021-10-20 07:00:00,56.24,56.24,54.89,54.94,1811
2021-10-21 07:00:00,55.12,55.12,52.68,54.44,4702
2021-10-22 07:00:00,55.93,55.93,54.53,54.53,620
2021-10-25 07:00:00,54.49,55.7,54.49,55.39,1442
2021-10-26 07:00:00,55.84,55.84,54.04,55.39,2400
2021-10-27 07:00:00,55.39,55.39,54.94,54.94,3200
2021-10-28 07:00:00,55.03,55.61,54.94,55.61,13700
2021-10-29 07:00:00,55.84,56.24,55.03,56.02,6030
2021-11-01 07:00:00,56.47,56.47,54.76,54.89,16701
2021-11-02 07:00:00,56.38,56.38,54.76,54.94,11282
2021-11-03 07:00:00,54.94,55.16,54.53,54.53,16814
2021-11-04 07:00:00,54.71,54.94,54.49,54.94,6400
2021-11-05 07:00:00,54.94,54.94,54.71,54.85,5213
2021-11-08 07:00:00,54.49,55.16,54.49,55.16,45451
2021-11-09 07:00:00,55.16,55.61,55.16,55.39,46900
2021-11-10 07:00:00,55.79,55.84,55.07,55.12,2613
2021-11-11 07:00:00,54.53,55.25,54.49,54.49,4374
2021-11-12 07:00:00,54.31,54.85,54.04,54.85,5936
2021-11-15 07:00:00,54.04,54.94,54.04,54.67,16424
2021-11-16 07:00:00,54.49,54.49,53.5,53.54,10225
2021-11-17 07:00:00,54.49,54.49,53.14,53.36,9436
2021-11-18 07:00:00,53.36,54.04,53.14,53.14,3124
2021-11-19 07:00:00,53.36,53.36,52.46,52.46,11291
2021-11-22 07:00:00,53.14,53.14,51.02,51.11,10802
2021-11-23 07:00:00,51.11,53.54,50.57,53.5,11900
2021-11-24 07:00:00,53.36,53.36,52.23,52.23,6310
2021-11-25 07:00:00,53.36,53.36,52.68,53.09,4200
2021-11-26 07:00:00,52.23,52.78,52.23,52.78,503
2021-11-29 07:00:00,52.82,59.89,52.78,53.14,32202
2021-11-30 07:00:00,54.89,54.89,52.28,53.09,18077
2021-12-01 07:00:00,53.99,53.99,52.68,52.91,5167
2021-12-02 07:00:00,51.78,54.04,51.51,51.78,22889
2021-12-03 07:00:00,53.99,53.99,50.88,51.78,6900
2021-12-06 07:00:00,53.94,53.94,50.66,52.64,10300
2021-12-07 07:00:00,51.92,52.64,50.88,50.88,4200
2021-12-08 07:00:00,50.88,51.78,50.88,51.78,4400
2021-12-09 07:00:00,52.46,52.46,50.88,51.69,9100
2021-12-10 07:00:00,51.56,51.56,50.93,50.93,3301
2021-12-13 07:00:00,50.93,51.33,50.88,50.93,7900
2021-12-14 07:00:00,50.93,52.01,50.88,50.88,3400
2021-12-15 07:00:00,50.97,51.56,50.97,51.56,800
2021-12-16 07:00:00,51.33,51.33,50.88,50.88,4812
2021-12-17 07:00:00,51.33,51.33,50.66,51.02,3201
2021-12-20 07:00:00,50.88,51.02,50.66,51.02,5401
2021-12-21 07:00:00,50.84,52.46,50.79,52.14,26600
2021-12-22 07:00:00,51.33,51.78,51.33,51.78,500
2021-12-23 07:00:00,53.04,53.04,50.88,51.33,3300
2021-12-24 07:00:00,50.88,51.69,50.79,51.29,5900
2021-12-27 07:00:00,51.78,51.78,51.29,51.33,4500
2021-12-28 07:00:00,51.78,53.99,50.66,50.7,6284
2021-12-29 07:00:00,51.24,53.58,51.02,51.33,10201
2021-12-30 07:00:00,53.5,53.54,50.84,50.84,4508
2021-12-31 07:00:00,51.33,52.68,51.33,52.46,21601
2022-01-04 07:00:00,52.46,53.0,52.37,53.0,31601
2022-01-05 07:00:00,53.14,54.04,52.68,54.04,23599
2022-01-06 07:00:00,53.54,53.99,52.46,52.68,1400
2022-01-07 07:00:00,52.78,52.78,52.68,52.78,1100
2022-01-10 07:00:00,52.78,52.78,51.78,51.78,3602
2022-01-11 07:00:00,52.23,52.23,50.84,50.88,15412
2022-01-12 07:00:00,52.82,52.82,51.65,51.74,1600
2022-01-13 07:00:00,50.88,52.23,50.88,52.05,4900
2022-01-14 07:00:00,50.88,50.88,50.79,50.88,5800
2022-01-17 07:00:00,51.78,51.78,50.61,50.61,2900
2022-01-18 07:00:00,50.66,51.33,50.66,50.88,2900
2022-01-19 07:00:00,50.88,50.88,50.66,50.88,4962
2022-01-20 07:00:00,50.88,51.2,50.84,51.11,6100
2022-01-21 07:00:00,51.11,51.11,50.93,51.11,6610
2022-01-24 07:00:00,50.88,51.06,49.53,50.43,10600
2022-01-25 07:00:00,50.66,50.66,49.76,49.89,13700
2022-01-26 07:00:00,50.16,50.16,49.53,49.53,19600
2022-01-27 07:00:00,49.8,49.8,49.08,49.49,12600
2022-01-28 07:00:00,49.62,50.21,49.53,49.58,19328
2022-02-07 07:00:00,53.81,53.81,50.03,50.03,11600
2022-02-08 07:00:00,49.53,53.9,49.53,52.68,18000
2022-02-09 07:00:00,52.14,52.14,50.34,51.78,15930
2022-02-10 07:00:00,51.02,51.33,50.34,51.33,23002
2022-02-11 07:00:00,52.59,52.59,50.43,50.43,4205
2022-02-14 07:00:00,50.43,50.61,50.3,50.61,3100
2022-02-15 07:00:00,51.74,51.74,49.53,49.53,20000
2022-02-16 07:00:00,51.24,51.33,50.07,51.29,9500
2022-02-17 07:00:00,51.96,51.96,50.07,51.11,5300
2022-02-18 07:00:00,50.43,51.24,50.43,51.24,2600
2022-02-21 07:00:00,51.33,51.33,50.43,50.43,5900
2022-02-22 07:00:00,50.48,50.48,49.62,50.43,3500
2022-02-23 07:00:00,50.16,50.16,50.07,50.12,900
2022-02-24 07:00:00,50.25,50.66,49.53,50.66,8900
2022-02-25 07:00:00,50.84,50.84,50.34,50.43,3200
2022-02-28 07:00:00,51.33,51.33,49.89,50.48,2800
2022-03-01 07:00:00,50.43,50.43,50.34,50.34,1262
2022-03-02 07:00:00,50.25,50.43,49.53,49.71,9500
2022-03-03 07:00:00,50.34,50.34,50.07,50.12,2600
2022-03-04 07:00:00,50.21,50.21,50.07,50.07,10700
2022-03-07 07:00:00,49.76,50.21,49.76,50.16,9100
2022-03-08 07:00:00,49.8,50.12,49.31,49.31,12926
2022-03-09 07:00:00,49.31,49.98,49.08,49.53,9602
2022-03-10 07:00:00,49.53,49.98,49.44,49.98,10579
2022-03-11 07:00:00,49.98,51.33,49.53,49.98,6702
2022-03-14 07:00:00,49.76,49.98,48.9,49.94,7410
2022-03-15 07:00:00,49.08,49.53,48.9,49.44,1748
2022-03-16 07:00:00,49.17,49.4,48.9,49.4,11205
2022-03-17 07:00:00,49.31,49.31,49.08,49.08,2300
2022-03-18 07:00:00,49.53,49.53,49.08,49.53,4400
2022-03-21 07:00:00,49.98,49.98,49.13,49.13,1800
2022-03-22 07:00:00,49.98,49.98,49.08,49.53,17500
2022-03-23 07:00:00,49.35,52.68,49.35,52.68,101400
2022-03-24 07:00:00,52.68,52.68,50.3,51.69,17569
2022-03-25 07:00:00,50.43,50.43,50.43,50.43,3109
2022-03-28 07:00:00,50.48,50.48,50.3,50.43,10300
2022-03-29 07:00:00,50.43,51.74,49.98,50.93,32630
2022-03-30 07:00:00,51.78,52.68,50.88,51.11,12400
2022-03-31 07:00:00,51.24,52.19,49.98,52.1,6600
2022-04-01 07:00:00,50.03,51.78,50.03,51.74,3912
2022-04-04 07:00:00,51.65,51.78,51.11,51.78,76140
2022-04-05 07:00:00,51.74,52.14,51.11,51.96,68200
2022-04-06 07:00:00,52.23,52.23,50.43,51.69,1800
2022-04-07 07:00:00,51.15,51.33,50.88,51.33,11040
2022-04-08 07:00:00,51.33,51.33,50.48,50.52,3700
2022-04-12 07:00:00,50.52,50.88,50.07,50.57,11535
2022-04-13 07:00:00,51.29,51.29,50.43,50.43,11954
2022-04-14 07:00:00,50.88,51.33,50.43,51.29,6100
2022-04-15 07:00:00,51.33,51.38,50.43,50.43,6000
2022-04-18 07:00:00,51.33,52.19,50.88,50.88,12400
2022-04-19 07:00:00,51.15,53.94,50.88,50.93,4000
2022-04-20 07:00:00,53.14,53.14,49.98,49.98,62407
2022-04-21 07:00:00,51.74,51.74,49.76,50.21,84712
2022-04-22 07:00:00,51.33,51.33,49.53,49.98,64527
2022-04-25 07:00:00,51.24,51.24,48.18,49.98,33400
2022-04-26 07:00:00,47.73,49.44,47.69,49.44,1702
2022-04-27 07:00:00,50.34,50.34,47.73,47.73,1801
2022-04-28 07:00:00,50.34,50.34,48.05,49.31,3000
2022-04-29 07:00:00,50.21,50.21,48.45,49.31,2445
2022-05-04 07:00:00,49.53,49.53,48.99,49.08,6200
2022-05-05 07:00:00,49.53,49.53,48.63,48.63,1700
2022-05-06 07:00:00,48.63,49.76,46.92,48.63,3201
2022-05-09 07:00:00,48.63,48.63,48.54,48.54,400
2022-05-10 07:00:00,48.14,48.14,47.51,47.51,1400
2022-05-11 07:00:00,48.18,50.21,48.18,48.63,15500
2022-05-12 07:00:00,50.16,50.16,48.63,49.49,600
2022-05-13 07:00:00,45.03,47.28,45.03,47.24,2200
2022-05-16 07:00:00,47.28,48.63,45.93,45.93,3700
2022-05-17 07:00:00,48.18,48.18,45.48,46.83,3200
2022-05-18 07:00:00,46.38,47.28,45.48,46.16,2000
2022-05-19 07:00:00,47.24,47.24,45.93,46.16,900
2022-05-20 07:00:00,47.24,47.28,46.24,46.24,1713
2022-05-23 07:00:00,46.83,46.83,45.93,46.61,2400
2022-05-24 07:00:00,47.24,47.24,45.48,45.62,1617
2022-05-25 07:00:00,47.24,47.24,45.48,45.62,1300
2022-05-26 07:00:00,47.24,51.33,45.98,46.16,900
2022-05-27 07:00:00,46.61,46.61,45.48,46.16,12408
2022-05-30 07:00:00,45.93,46.16,45.08,45.26,5600
2022-05-31 07:00:00,46.34,50.88,45.16,46.34,4700
2022-06-01 07:00:00,45.16,45.48,45.03,45.44,8600
2022-06-02 07:00:00,46.38,46.38,45.03,45.03,10700
2022-06-03 07:00:00,45.03,45.03,45.03,45.03,4000
2022-06-06 07:00:00,45.03,45.03,44.58,45.03,6200
2022-06-07 07:00:00,44.58,45.03,43.63,44.58,6002
2022-06-08 07:00:00,45.48,45.52,45.48,45.48,25200
2022-06-09 07:00:00,45.88,45.88,45.03,45.03,1700
2022-06-10 07:00:00,45.03,45.57,45.03,45.03,1500
2022-06-13 07:00:00,45.03,45.03,44.35,44.35,7400
2022-06-14 07:00:00,44.58,45.93,44.58,44.58,26100
2022-06-15 07:00:00,49.04,49.04,43.68,44.58,3400
2022-06-16 07:00:00,44.44,45.93,44.44,44.98,25200
2022-06-17 07:00:00,44.98,44.98,43.68,44.13,1200
2022-06-20 07:00:00,45.03,45.48,43.45,44.4,1800
2022-06-21 07:00:00,43.77,44.98,43.72,44.44,5400
2022-06-22 07:00:00,44.13,44.13,43.9,43.9,28000
2022-06-23 07:00:00,42.82,43.68,42.78,43.68,1410
2022-06-24 07:00:00,42.82,44.08,40.53,44.08,3200
2022-06-27 07:00:00,47.19,47.19,42.87,44.13,9300
2022-06-28 07:00:00,46.34,46.34,43.68,43.77,5800
2022-06-29 07:00:00,44.13,44.13,43.9,43.9,10350
2022-06-30 07:00:00,43.68,43.9,43.68,43.9,4400
2022-07-01 07:00:00,42.78,42.78,42.78,42.78,600
2022-07-04 07:00:00,42.78,43.23,42.78,43.0,3100
2022-07-05 07:00:00,42.91,42.91,42.78,42.78,2400
2022-07-06 07:00:00,42.78,42.78,42.1,42.6,600
2022-07-07 07:00:00,42.78,42.78,41.88,42.42,719
2022-07-08 07:00:00,42.42,42.73,41.88,41.88,11900
2022-07-11 07:00:00,42.33,42.51,41.7,41.88,26131
2022-07-12 07:00:00,41.88,41.88,41.65,41.65,3600
2022-07-13 07:00:00,41.88,41.92,41.65,41.65,3600
2022-07-14 07:00:00,41.43,41.43,38.05,38.05,32100
2022-07-15 07:00:00,40.53,40.62,38.28,38.82,15800
2022-07-18 07:00:00,38.28,38.72,38.28,38.59,6500
2022-07-19 07:00:00,38.68,40.03,38.68,39.99,4000
2022-07-20 07:00:00,39.63,40.53,39.63,40.44,5810
2022-07-21 07:00:00,40.53,41.56,40.39,41.56,22700
2022-07-22 07:00:00,41.52,42.73,40.98,41.43,4600
2022-07-25 07:00:00,42.87,42.87,40.53,40.53,17905
2022-07-26 07:00:00,41.61,42.78,40.53,42.55,13500
2022-07-27 07:00:00,42.73,42.78,40.98,42.6,2006
2022-07-28 07:00:00,41.65,42.33,41.43,41.43,3900
2022-07-29 07:00:00,42.55,42.55,40.12,42.33,5900
2022-08-01 07:00:00,42.73,42.73,40.57,41.83,8100
2022-08-02 07:00:00,41.83,42.73,41.65,42.73,36800
2022-08-03 07:00:00,42.33,44.53,42.33,42.37,7900
2022-08-04 07:00:00,42.87,44.13,42.37,43.23,9000
2022-08-05 07:00:00,44.04,44.04,42.82,43.99,1900
2022-08-08 07:00:00,42.82,47.51,42.78,47.51,53200
2022-08-09 07:00:00,44.58,46.79,44.58,46.79,28205
2022-08-10 07:00:00,43.99,47.24,43.99,45.93,23300
2022-08-11 07:00:00,44.17,46.83,44.17,46.83,11100
2022-08-12 07:00:00,46.38,46.61,46.38,46.61,1402
2022-08-15 07:00:00,46.38,46.38,44.22,45.03,1300
2022-08-16 07:00:00,45.08,45.93,45.03,45.08,2500
2022-08-17 07:00:00,45.93,45.93,45.08,45.08,2000
2022-08-18 07:00:00,45.08,45.08,45.03,45.03,3302
2022-08-19 07:00:00,45.93,45.93,44.85,45.48,4300
2022-08-22 07:00:00,45.62,45.62,44.58,44.58,3800
2022-08-23 07:00:00,43.99,44.13,43.68,44.13,2000
2022-08-24 07:00:00,43.9,44.76,43.9,44.35,2200
2022-08-25 07:00:00,46.52,46.52,43.9,43.9,14300
2022-08-26 07:00:00,43.77,43.77,42.78,42.82,17548
2022-08-29 07:00:00,43.32,44.13,42.78,44.13,5163
2022-08-30 07:00:00,45.03,45.03,44.13,45.03,25600
2022-08-31 07:00:00,44.58,44.58,44.58,44.58,600
2022-09-05 07:00:00,43.23,43.32,43.23,43.23,8187
2022-09-06 07:00:00,43.27,43.32,43.27,43.32,2752
2022-09-07 07:00:00,43.27,43.27,43.23,43.23,3404
2022-09-08 07:00:00,43.27,44.98,43.27,44.58,800
2022-09-09 07:00:00,43.9,44.53,43.68,43.77,1700
2022-09-12 07:00:00,44.22,44.22,43.68,43.68,641
2022-09-13 07:00:00,44.49,44.67,43.32,44.58,49187
2022-09-14 07:00:00,43.05,44.98,43.0,44.98,8124
2022-09-15 07:00:00,45.03,45.03,44.58,44.58,12577
2022-09-16 07:00:00,44.89,44.89,44.13,44.13,4100
2022-09-19 07:00:00,43.23,44.26,43.23,43.32,2812
2022-09-20 07:00:00,43.23,43.23,42.82,43.05,2349
2022-09-21 07:00:00,43.05,43.09,43.05,43.09,503
2022-09-22 07:00:00,43.09,43.09,42.78,43.09,10906
2022-09-23 07:00:00,43.09,43.09,43.0,43.09,2731
2022-09-26 07:00:00,43.0,43.0,42.37,42.37,8389
2022-09-27 07:00:00,43.68,43.68,42.37,42.42,2162
2022-09-28 07:00:00,42.91,42.91,42.78,42.78,613
2022-09-29 07:00:00,43.18,43.18,42.37,42.37,1905
2022-09-30 07:00:00,42.33,42.33,41.88,42.1,7927
2022-10-03 07:00:00,41.43,41.65,40.53,41.65,10465
2022-10-04 07:00:00,41.2,41.43,40.3,40.3,6351
2022-10-05 07:00:00,40.66,40.66,40.66,40.3,26
2022-10-06 07:00:00,40.53,40.53,40.21,40.21,3503
2022-10-07 07:00:00,39.85,39.85,35.08,36.02,37567
2022-10-10 07:00:00,36.47,36.47,33.1,36.02,39778
2022-10-11 07:00:00,36.02,36.02,32.87,33.77,36702
2022-10-12 07:00:00,33.28,33.32,29.22,31.97,94033
2022-10-13 07:00:00,31.52,32.24,31.52,31.97,51936
2022-10-14 07:00:00,31.97,32.65,31.52,31.97,89406
2022-10-17 07:00:00,31.75,32.42,31.07,31.52,111900
2022-10-18 07:00:00,31.52,32.65,31.52,32.65,38332
2022-10-19 07:00:00,32.42,34.58,32.42,34.22,18018
2022-10-20 07:00:00,33.77,33.82,33.1,33.64,10534
2022-10-21 07:00:00,33.1,33.23,32.33,32.74,38695
2022-10-24 07:00:00,32.69,32.69,31.52,31.52,15232
2022-10-25 07:00:00,31.52,32.87,29.72,32.42,26621
2022-10-26 07:00:00,32.87,33.77,32.42,32.42,11950
2022-10-27 07:00:00,32.42,33.23,32.42,32.87,20305
2022-10-28 07:00:00,33.1,33.23,32.02,32.02,15282
2022-10-31 07:00:00,32.74,32.87,31.52,32.87,11108
2022-11-01 07:00:00,31.57,32.56,31.52,31.7,1801
2022-11-02 07:00:00,32.83,32.83,31.61,31.66,2000
2022-11-03 07:00:00,31.88,32.29,31.75,31.75,1823
2022-11-04 07:00:00,31.57,31.97,31.57,31.93,8218
2022-11-07 07:00:00,31.57,31.57,31.52,31.52,10105
2022-11-08 07:00:00,31.3,31.57,31.3,31.52,28409
2022-11-09 07:00:00,32.42,32.42,31.52,31.52,4056
2022-11-10 07:00:00,31.52,31.66,31.07,31.66,17054
2022-11-11 07:00:00,31.52,31.97,31.07,31.25,31049
2022-11-14 07:00:00,31.43,31.66,31.3,31.52,32832
2022-11-15 07:00:00,31.48,31.52,31.25,31.52,38146
2022-11-16 07:00:00,31.07,32.15,30.62,31.52,54980
2022-11-17 07:00:00,31.75,31.97,31.02,31.52,15437
2022-11-18 07:00:00,31.07,31.52,31.07,31.48,7194
2022-11-21 07:00:00,31.39,31.75,31.25,31.52,7925
2022-11-22 07:00:00,31.43,31.75,31.3,31.52,37256
2022-11-23 07:00:00,31.52,31.52,31.39,31.52,3700
2022-11-24 07:00:00,31.52,31.52,31.43,31.52,18205
2022-11-25 07:00:00,31.52,31.75,31.39,31.52,5356
2022-11-28 07:00:00,31.57,31.75,31.52,31.66,22088
2022-11-29 07:00:00,31.7,31.97,31.57,31.57,13215
2022-11-30 07:00:00,31.97,32.65,31.75,32.42,33047
2022-12-01 07:00:00,32.83,33.32,32.2,33.32,61863
2022-12-02 07:00:00,33.77,35.98,33.32,33.82,14236
2022-12-05 07:00:00,33.68,34.45,33.68,34.4,16433
2022-12-06 07:00:00,34.4,34.45,33.64,34.22,35121
2022-12-07 07:00:00,34.18,34.22,33.41,34.22,20750
2022-12-08 07:00:00,33.55,34.22,33.55,34.22,50950
2022-12-09 07:00:00,33.68,34.4,33.68,34.4,48710
2022-12-12 07:00:00,34.22,34.22,33.77,34.22,53001
2022-12-13 07:00:00,33.77,34.22,33.77,34.22,56520
2022-12-14 07:00:00,34.22,34.22,33.77,34.22,53335
2022-12-15 07:00:00,34.22,34.63,33.86,34.63,21023
2022-12-16 07:00:00,34.45,34.45,34.22,34.27,25112
2022-12-19 07:00:00,34.27,34.67,33.95,34.67,21602
2022-12-20 07:00:00,34.04,34.67,34.04,34.67,48765
2022-12-21 07:00:00,34.67,34.67,34.22,34.45,24120
2022-12-22 07:00:00,34.27,34.67,34.27,34.67,6200
2022-12-23 07:00:00,34.31,34.67,34.31,34.67,50470
2022-12-26 07:00:00,34.54,34.67,34.22,34.67,52676
2022-12-27 07:00:00,34.45,34.45,34.0,34.13,7360
2022-12-28 07:00:00,33.77,34.22,31.52,33.59,12760
2022-12-29 07:00:00,33.59,34.27,33.59,34.22,7110
2022-12-30 07:00:00,33.95,33.95,33.68,33.68,1048
2023-01-03 07:00:00,33.68,33.68,33.32,33.55,7133
2023-01-04 07:00:00,33.5,33.64,33.5,33.59,7044
2023-01-05 07:00:00,33.55,33.55,33.1,33.1,7711
2023-01-06 07:00:00,33.37,33.37,31.52,32.87,23120
2023-01-09 07:00:00,32.38,32.42,32.33,32.33,20700
2023-01-10 07:00:00,32.42,32.42,32.2,32.2,10750
2023-01-11 07:00:00,32.02,32.38,32.02,32.29,4722
2023-01-12 07:00:00,32.2,32.2,31.97,31.97,10950
2023-01-13 07:00:00,31.97,32.42,31.57,31.97,54727
2023-01-16 07:00:00,32.11,32.83,32.11,32.42,162100
2023-01-17 07:00:00,32.42,32.87,32.42,32.78,22254
2023-01-18 07:00:00,32.74,33.55,32.65,32.69,28710
2023-01-19 07:00:00,32.92,33.55,32.87,33.28,4500
2023-01-27 07:00:00,33.05,35.12,33.05,33.41,6325
2023-01-30 07:00:00,33.55,34.0,33.55,34.0,29466
2023-01-31 07:00:00,33.77,33.82,33.32,33.32,45849
2023-02-01 07:00:00,33.32,33.64,32.87,32.87,51860
2023-02-02 07:00:00,32.87,33.05,32.2,32.2,68608
2023-02-03 07:00:00,32.42,32.83,32.42,32.78,16400
2023-02-06 07:00:00,32.47,32.83,32.47,32.51,15519
2023-02-07 07:00:00,32.51,32.51,32.42,32.42,15700
2023-02-08 07:00:00,32.42,32.51,32.29,32.51,8604
2023-02-09 07:00:00,32.51,32.87,32.51,32.87,8200
2023-02-10 07:00:00,32.96,33.05,32.65,32.87,10281
2023-02-13 07:00:00,32.83,32.96,32.65,32.65,8000
2023-02-14 07:00:00,32.83,32.83,32.2,32.2,3850
2023-02-15 07:00:00,32.47,33.32,32.47,32.56,10103
2023-02-16 07:00:00,32.87,33.1,32.83,32.83,9800
2023-02-17 07:00:00,33.01,33.01,32.87,32.87,13000
2023-02-20 07:00:00,32.92,33.1,32.65,33.1,14800
2023-02-21 07:00:00,33.28,33.32,33.01,33.32,28807
2023-02-22 07:00:00,32.87,33.32,32.83,33.32,12050
2023-02-23 07:00:00,33.05,33.32,32.69,33.01,7700
2023-02-24 07:00:00,32.96,33.28,32.87,33.28,24922
2023-02-27 07:00:00,32.65,33.19,28.77,32.29,41535
2023-02-28 07:00:00,33.01,33.1,32.42,32.42,20110
2023-03-01 07:00:00,32.87,32.87,32.2,32.65,23330
2023-03-02 07:00:00,32.65,32.65,32.42,32.42,39204
2023-03-03 07:00:00,32.42,32.47,31.07,31.07,98800
2023-03-06 07:00:00,31.52,31.93,31.07,31.52,108357
2023-03-07 07:00:00,31.52,31.52,31.07,31.07,18700
2023-03-08 07:00:00,31.25,31.34,31.07,31.07,13826
2023-03-09 07:00:00,31.07,31.16,31.07,31.07,7250
2023-03-10 07:00:00,31.16,31.16,30.66,30.66,15705
2023-03-13 07:00:00,30.71,30.89,30.62,30.62,12621
2023-03-14 07:00:00,30.66,30.66,29.99,30.22,8906
2023-03-15 07:00:00,30.17,30.71,30.17,30.66,5808
2023-03-16 07:00:00,30.22,30.4,30.12,30.17,9200
2023-03-17 07:00:00,30.17,30.62,30.17,30.48,2110
2023-03-20 07:00:00,30.17,30.17,30.12,30.12,5933
2023-03-21 07:00:00,30.17,30.17,29.72,29.99,10900
2023-03-22 07:00:00,29.99,31.52,29.99,29.99,13301
2023-03-23 07:00:00,29.86,29.86,29.72,29.72,5306
2023-03-24 07:00:00,29.81,29.81,29.49,29.49,15514
2023-03-27 07:00:00,29.63,29.63,29.27,29.27,32326
2023-03-28 07:00:00,29.36,29.49,29.27,29.27,12695
2023-03-29 07:00:00,29.27,29.27,29.13,29.13,9102
2023-03-30 07:00:00,29.27,30.17,29.27,29.49,24803
2023-03-31 07:00:00,29.63,29.72,29.54,29.58,4400
2023-04-03 07:00:00,31.02,31.02,29.67,29.99,9200
2023-04-04 07:00:00,29.94,29.94,29.49,29.72,10800
2023-04-05 07:00:00,29.99,30.4,29.99,30.04,7120
2023-04-06 07:00:00,30.08,30.17,29.76,29.76,15007
2023-04-07 07:00:00,29.72,29.81,29.54,29.63,9600
2023-04-10 07:00:00,29.49,29.67,29.27,29.31,17000
2023-04-11 07:00:00,29.31,29.72,29.27,29.27,6700
2023-04-12 07:00:00,29.58,30.12,29.58,30.12,18400
2023-04-13 07:00:00,29.27,29.94,29.27,29.94,8025
2023-04-14 07:00:00,29.49,29.76,29.4,29.4,4500
2023-04-17 07:00:00,29.4,29.45,29.22,29.45,5709
2023-04-18 07:00:00,29.31,29.4,29.22,29.27,10800
2023-04-19 07:00:00,29.18,29.27,28.91,28.91,41141
2023-04-20 07:00:00,29.09,29.13,28.91,28.95,28402
2023-04-21 07:00:00,29.04,29.09,29.0,29.04,92500
2023-04-24 07:00:00,29.04,29.22,29.04,29.04,71613
2023-04-25 07:00:00,29.04,29.04,28.82,29.0,22000
2023-04-26 07:00:00,28.95,28.95,28.37,28.41,22040
2023-04-27 07:00:00,28.37,28.82,27.51,27.51,30542
2023-04-28 07:00:00,28.77,29.27,27.65,27.65,25781
2023-05-04 07:00:00,29.27,29.27,27.47,27.69,139406
2023-05-05 07:00:00,27.56,28.82,27.56,28.77,69580
2023-05-08 07:00:00,28.95,29.49,28.91,29.49,54326
2023-05-09 07:00:00,29.36,30.44,29.36,30.44,40507
2023-05-10 07:00:00,30.08,31.2,29.86,30.62,144863
2023-05-11 07:00:00,30.62,32.2,30.62,31.61,125649
2023-05-12 07:00:00,32.42,32.96,31.52,32.83,113237
2023-05-15 07:00:00,32.87,32.87,32.02,32.65,30810
2023-05-16 07:00:00,32.87,32.87,32.2,32.69,46422
2023-05-17 07:00:00,32.29,32.69,31.97,32.65,82225
2023-05-18 07:00:00,32.69,32.69,32.29,32.65,13910
2023-05-19 07:00:00,32.33,32.65,32.24,32.65,50203
2023-05-22 07:00:00,32.65,33.32,32.6,32.6,132510
2023-05-23 07:00:00,32.65,32.87,32.02,32.87,24695
2023-05-24 07:00:00,32.42,32.87,32.24,32.87,22228
2023-05-25 07:00:00,32.24,33.28,32.24,33.28,18651
2023-05-26 07:00:00,32.69,33.19,32.69,32.83,2815
2023-05-29 07:00:00,32.87,33.28,32.69,33.23,28440
2023-05-30 07:00:00,32.87,33.46,32.87,33.46,23410
2023-05-31 07:00:00,33.28,33.55,33.1,33.28,16072
2023-06-01 07:00:00,32.47,33.77,32.47,33.77,34851
2023-06-02 07:00:00,32.69,33.37,32.69,33.37,18836
2023-06-05 07:00:00,33.23,33.55,33.1,33.32,11434
2023-06-06 07:00:00,33.1,33.77,33.1,33.55,30113
2023-06-07 07:00:00,33.41,33.55,33.32,33.5,5815
2023-06-08 07:00:00,33.55,33.55,33.32,33.41,5908
2023-06-09 07:00:00,32.96,33.41,32.96,33.1,27148
2023-06-12 07:00:00,33.32,33.32,31.84,31.84,27833
2023-06-13 07:00:00,32.83,33.19,32.33,32.87,6805
2023-06-14 07:00:00,32.87,33.55,32.65,33.32,40535
2023-06-15 07:00:00,33.1,33.1,33.01,33.1,11600
2023-06-16 07:00:00,33.1,33.1,32.87,32.87,32867
2023-06-19 07:00:00,33.05,33.05,32.6,32.6,59150
2023-06-20 07:00:00,33.05,33.32,32.74,32.74,6703
2023-06-21 07:00:00,32.87,32.87,32.47,32.87,5101
2023-06-22 07:00:00,32.78,32.87,32.74,32.83,9610
2023-06-23 07:00:00,32.87,32.87,32.78,32.78,11706
2023-06-26 07:00:00,32.83,32.83,30.84,32.78,27579
2023-06-27 07:00:00,32.87,32.87,32.6,32.74,42650
2023-06-28 07:00:00,32.65,32.69,32.6,32.69,14588
2023-06-29 07:00:00,32.65,32.65,32.42,32.51,25656
2023-06-30 07:00:00,32.42,32.47,32.42,32.42,11030
2023-07-03 07:00:00,32.2,32.33,31.97,32.24,8221
2023-07-04 07:00:00,32.29,32.29,32.24,32.24,3703
2023-07-05 07:00:00,32.29,32.33,32.29,32.33,5719
2023-07-06 07:00:00,32.2,32.2,31.52,32.02,16430
2023-07-07 07:00:00,32.02,32.02,31.52,31.88,13490
2023-07-10 07:00:00,31.88,33.23,31.88,32.87,66377
2023-07-11 07:00:00,33.77,34.22,33.77,33.95,44307
2023-07-12 07:00:00,34.45,34.45,34.0,34.09,34741
2023-07-13 07:00:00,34.18,34.9,34.04,34.9,49692
2023-07-14 07:00:00,34.9,34.99,34.67,34.99,30817
2023-07-17 07:00:00,34.99,36.07,34.99,36.02,87372
2023-07-18 07:00:00,35.94,36.33,35.94,36.14,19607
2023-07-19 07:00:00,36.28,37.23,36.28,36.28,19903
2023-07-20 07:00:00,36.14,36.23,35.28,35.9,23097
2023-07-21 07:00:00,35.9,36.28,35.56,35.9,21518
2023-07-24 07:00:00,35.9,36.04,35.8,35.9,38536
2023-07-25 07:00:00,35.85,35.9,35.71,35.71,18031
2023-07-26 07:00:00,35.75,35.85,35.32,35.85,26503
2023-07-27 07:00:00,35.85,36.28,35.52,36.04,10724
2023-07-28 07:00:00,35.8,35.9,35.75,35.8,7009
2023-07-31 07:00:00,36.28,37.71,35.8,36.28,28642
2023-08-01 07:00:00,36.33,37.19,36.33,37.19,33014
2023-08-02 07:00:00,37.04,37.04,36.9,36.9,2710
2023-08-03 07:00:00,37.19,37.33,36.9,37.33,52800
2023-08-04 07:00:00,37.33,38.0,37.33,38.0,32526
2023-08-07 07:00:00,37.71,38.04,37.62,38.04,13400
2023-08-08 07:00:00,38.0,39.1,38.0,39.1,25492
2023-08-09 07:00:00,38.67,39.38,38.67,39.38,36201
2023-08-10 07:00:00,39.38,39.62,39.19,39.62,34404
2023-08-11 07:00:00,39.62,39.62,39.14,39.38,30811
2023-08-14 07:00:00,39.14,39.81,39.14,39.62,29466
2023-08-15 07:00:00,39.52,39.76,39.38,39.62,6905
2023-08-16 07:00:00,39.14,39.52,39.14,39.52,15750
2023-08-17 07:00:00,39.29,39.57,39.14,39.14,18860
2023-08-18 07:00:00,38.9,38.95,36.99,37.52,36563
2023-08-21 07:00:00,37.62,38.19,37.28,37.47,48642
2023-08-22 07:00:00,37.47,38.19,37.28,38.19,56201
2023-08-23 07:00:00,37.81,37.85,37.71,37.76,9908
2023-08-24 07:00:00,37.66,37.95,37.66,37.95,3429
2023-08-25 07:00:00,37.95,38.67,37.95,38.38,4302
2023-08-28 07:00:00,38.33,38.43,38.33,38.43,10952
2023-08-29 07:00:00,38.38,38.71,38.38,38.67,12350
2023-08-30 07:00:00,38.67,39.14,38.67,39.0,17445
2023-08-31 07:00:00,38.95,38.95,38.62,38.86,9864
2023-09-05 07:00:00,38.76,39.1,38.76,38.9,72173
2023-09-06 07:00:00,38.81,38.95,38.76,38.9,18402
2023-09-07 07:00:00,38.9,38.9,37.66,37.66,31700
2023-09-08 07:00:00,38.09,38.71,38.09,38.48,8212
2023-09-11 07:00:00,38.43,38.48,38.14,38.14,3210
2023-09-12 07:00:00,38.14,38.24,37.95,38.14,9862
2023-09-13 07:00:00,38.04,38.04,37.76,37.95,17231
2023-09-14 07:00:00,37.9,38.04,37.9,38.0,35560
2023-09-15 07:00:00,37.95,38.19,37.95,38.19,4646
2023-09-18 07:00:00,37.95,38.09,37.95,38.0,10785
2023-09-19 07:00:00,37.95,38.0,37.81,38.0,18306
2023-09-20 07:00:00,37.76,37.9,37.76,37.9,6240
2023-09-21 07:00:00,37.85,37.85,37.85,37.85,4962
2023-09-22 07:00:00,37.81,37.81,37.57,37.66,6158
2023-09-25 07:00:00,37.47,37.66,33.51,36.99,9500
2023-09-26 07:00:00,36.61,36.61,35.32,36.23,15910
2023-09-27 07:00:00,35.85,36.76,35.85,36.76,4737
2023-09-28 07:00:00,36.28,36.37,36.28,36.28,24287
2023-09-29 07:00:00,36.37,36.52,36.18,36.28,7819
2023-10-02 07:00:00,36.28,36.33,36.28,36.33,9075
2023-10-03 07:00:00,36.33,36.33,36.09,36.28,46733
2023-10-04 07:00:00,36.23,36.23,36.04,36.04,1902
2023-10-05 07:00:00,36.14,36.28,36.14,36.23,47412
2023-10-06 07:00:00,36.28,36.28,36.04,36.23,5613
2023-10-09 07:00:00,36.23,37.19,36.23,36.52,10227
2023-10-10 07:00:00,37.42,37.42,37.23,37.23,446
2023-10-11 07:00:00,37.33,37.33,36.28,36.33,5837
2023-10-12 07:00:00,36.52,37.14,36.37,36.42,1901
2023-10-13 07:00:00,36.61,36.99,36.42,36.99,2656
2023-10-16 07:00:00,36.66,36.76,36.47,36.66,9590
2023-10-17 07:00:00,36.52,36.8,36.52,36.76,13706
2023-10-18 07:00:00,36.9,37.33,36.52,37.09,38935
2023-10-19 07:00:00,37.04,37.04,36.76,36.76,16720
2023-10-20 07:00:00,36.76,37.23,36.76,36.76,18107
2023-10-23 07:00:00,37.04,37.04,36.76,36.76,37410
2023-10-24 07:00:00,36.28,36.9,36.28,36.76,40805
2023-10-25 07:00:00,36.76,36.85,36.76,36.76,37738
2023-10-26 07:00:00,36.76,36.8,35.56,36.04,30629
2023-10-27 07:00:00,36.04,36.18,35.71,35.8,87989
2023-10-30 07:00:00,35.9,36.52,35.61,36.28,38505
2023-10-31 07:00:00,37.23,37.23,35.8,35.94,64636
2023-11-01 07:00:00,36.23,36.28,34.61,35.32,97825
2023-11-02 07:00:00,35.66,35.8,35.28,35.32,42610
2023-11-03 07:00:00,35.37,35.37,34.61,34.75,42522
2023-11-06 07:00:00,34.9,35.32,34.9,35.32,39501
2023-11-07 07:00:00,35.32,36.85,35.13,35.94,72460
2023-11-08 07:00:00,35.8,36.28,35.8,36.28,12516
2023-11-09 07:00:00,36.23,36.99,36.23,36.99,36303
2023-11-10 07:00:00,36.99,38.19,36.71,37.66,47460
2023-11-13 07:00:00,37.23,37.71,37.09,37.09,12929
2023-11-14 07:00:00,37.23,37.23,36.52,36.76,22963
2023-11-15 07:00:00,37.19,38.43,37.19,38.33,57826
2023-11-16 07:00:00,38.38,38.67,38.19,38.67,25516
2023-11-17 07:00:00,38.19,38.24,37.23,38.19,10261
2023-11-20 07:00:00,38.19,38.62,38.14,38.19,21662
2023-11-21 07:00:00,37.95,38.33,37.95,38.33,10300
2023-11-22 07:00:00,38.67,38.71,37.71,37.95,38721
2023-11-23 07:00:00,38.43,38.43,37.76,37.76,15210
2023-11-24 07:00:00,37.33,37.71,36.76,36.76,108700
2023-11-27 07:00:00,37.04,38.19,36.76,37.23,17794
2023-11-28 07:00:00,37.14,37.71,37.04,37.52,106053
2023-11-29 07:00:00,37.71,38.33,37.28,38.33,28120
2023-11-30 07:00:00,37.71,38.9,37.71,38.9,108563
2023-12-01 07:00:00,38.67,40.62,38.67,40.34,168213
2023-12-04 07:00:00,40.34,41.29,40.34,41.05,69662
2023-12-05 07:00:00,40.58,41.77,40.58,41.72,83191
2023-12-06 07:00:00,41.43,41.77,41.34,41.53,9834
2023-12-07 07:00:00,41.62,41.72,41.24,41.53,29398
2023-12-08 07:00:00,41.53,41.53,41.05,41.05,33696
2023-12-11 07:00:00,41.34,41.34,41.15,41.15,11381
2023-12-12 07:00:00,41.15,41.39,41.15,41.29,24986
2023-12-13 07:00:00,41.24,41.34,35.18,41.05,20555
2023-12-14 07:00:00,41.05,41.05,40.58,40.91,8677
2023-12-15 07:00:00,39.62,41.58,39.62,40.91,27478
2023-12-18 07:00:00,39.62,41.53,36.71,40.81,38257
2023-12-19 07:00:00,40.34,41.48,40.34,41.48,15583
2023-12-20 07:00:00,41.29,41.77,41.24,41.24,20615
2023-12-21 07:00:00,41.24,41.53,41.05,41.29,8620
2023-12-22 07:00:00,40.72,41.77,40.72,41.58,12328
2023-12-25 07:00:00,41.48,41.53,41.34,41.53,24720
2023-12-26 07:00:00,41.2,41.48,41.2,41.2,54205
2023-12-27 07:00:00,41.29,41.53,41.24,41.29,45034
2023-12-28 07:00:00,41.39,41.58,41.29,41.53,15858
2023-12-29 07:00:00,41.62,41.62,41.62,41.62,4537
2024-01-02 07:00:00,41.62,42.68,41.62,42.58,24770
2024-01-03 07:00:00,42.48,43.68,42.48,43.68,49589
2024-01-04 07:00:00,43.68,43.68,43.2,43.2,38549
2024-01-05 07:00:00,43.25,43.25,42.96,43.25,24596
2024-01-08 07:00:00,43.44,43.87,43.39,43.44,14870
2024-01-09 07:00:00,42.01,43.68,42.01,43.58,21866
2024-01-10 07:00:00,43.44,43.58,43.34,43.39,13209
2024-01-11 07:00:00,42.96,43.44,42.96,42.96,4079
2024-01-12 07:00:00,43.01,43.2,42.96,43.2,27220
2024-01-15 07:00:00,42.96,43.1,42.96,43.1,8068
2024-01-16 07:00:00,43.01,43.2,42.96,43.2,56899
2024-01-17 07:00:00,43.2,43.58,43.2,43.3,12322
2024-01-18 07:00:00,43.44,43.49,43.1,43.44,31068
2024-01-19 07:00:00,43.49,43.63,43.44,43.44,12336
2024-01-22 07:00:00,43.49,43.73,43.49,43.73,20035
2024-01-23 07:00:00,43.49,43.73,43.49,43.73,31087
2024-01-24 07:00:00,43.68,43.73,43.68,43.68,27263
2024-01-25 07:00:00,43.92,44.16,43.87,44.16,41027
2024-01-26 07:00:00,44.06,44.2,44.06,44.2,20425
2024-01-29 07:00:00,44.3,44.49,44.2,44.39,112543
2024-01-30 07:00:00,37.76,45.87,37.76,45.83,71602
2024-01-31 07:00:00,45.83,47.26,45.78,47.26,203719
2024-02-01 07:00:00,47.26,49.6,47.26,49.12,112670
2024-02-02 07:00:00,49.12,49.64,48.93,49.41,129738
2024-02-05 07:00:00,49.41,50.6,49.31,50.55,142115
2024-02-06 07:00:00,50.22,51.55,50.22,51.55,68095
2024-02-07 07:00:00,51.55,52.46,51.17,51.51,54486
2024-02-15 07:00:00,52.51,52.51,51.08,51.51,92671
2024-02-16 07:00:00,51.51,52.03,46.4,51.79,71375
2024-02-19 07:00:00,51.08,54.9,51.08,53.42,106085
2024-02-20 07:00:00,53.42,53.46,52.99,53.46,115703
2024-02-21 07:00:00,52.99,54.42,52.99,54.37,78616
2024-02-22 07:00:00,53.46,54.37,53.46,53.94,19208
2024-02-23 07:00:00,53.94,55.37,53.61,54.42,130694
2024-02-26 07:00:00,54.42,55.23,54.37,54.94,78233
2024-02-27 07:00:00,54.7,55.37,54.7,55.37,47853
2024-02-28 07:00:00,55.37,57.71,55.37,57.71,116100
2024-02-29 07:00:00,57.76,57.86,57.0,57.76,52659
2024-03-01 07:00:00,57.76,58.95,57.43,58.72,41939
2024-03-04 07:00:00,58.72,59.91,58.72,59.67,69390
2024-03-05 07:00:00,60.38,64.44,60.38,64.44,119580
2024-03-06 07:00:00,64.44,66.26,62.96,64.92,129265
2024-03-07 07:00:00,64.92,66.35,64.44,66.35,96094
2024-03-08 07:00:00,66.11,69.22,66.11,68.98,246345
2024-03-11 07:00:00,69.22,71.36,68.6,69.22,146654
2024-03-12 07:00:00,69.22,69.98,67.31,67.36,139753
2024-03-13 07:00:00,67.4,69.22,64.97,66.35,101765
2024-03-14 07:00:00,66.35,66.35,64.97,65.02,68895
2024-03-15 07:00:00,65.16,65.4,61.1,62.53,147939
2024-03-18 07:00:00,62.06,62.06,57.04,59.67,157362
2024-03-19 07:00:00,59.91,63.11,59.91,62.3,78356
2024-03-20 07:00:00,62.3,63.01,62.15,62.77,49461
2024-03-21 07:00:00,62.77,62.87,61.58,62.58,33467
2024-03-22 07:00:00,62.53,62.63,61.01,61.01,32263
2024-03-25 07:00:00,61.05,61.05,59.91,60.15,25851
2024-03-26 07:00:00,60.15,60.19,59.57,60.05,22700
2024-03-27 07:00:00,59.96,60.58,59.96,60.0,6658
2024-03-28 07:00:00,60.62,63.01,60.0,62.3,56802
2024-03-29 07:00:00,62.87,65.3,62.87,63.58,43151
2024-04-01 07:00:00,63.58,65.59,63.54,65.4,34524
2024-04-02 07:00:00,65.4,65.88,64.63,65.83,16972
2024-04-03 07:00:00,65.44,65.92,64.68,64.92,34008
2024-04-04 07:00:00,64.59,65.64,63.78,65.64,31144
2024-04-05 07:00:00,64.44,65.4,64.35,64.97,23828
2024-04-08 07:00:00,65.64,66.26,65.4,65.88,43239
2024-04-09 07:00:00,65.88,65.88,62.53,63.97,59522
2024-04-10 07:00:00,63.01,65.4,59.72,59.72,121938
2024-04-11 07:00:00,60.62,65.4,60.15,63.54,49242
2024-04-12 07:00:00,63.49,64.78,62.06,62.63,59968
2024-04-15 07:00:00,62.1,63.01,61.1,61.1,12236
2024-04-16 07:00:00,61.1,65.88,60.62,65.88,105362
2024-04-17 07:00:00,65.88,66.45,64.92,66.31,78447
2024-04-19 07:00:00,66.4,70.27,65.11,66.59,56898
2024-04-22 07:00:00,68.74,68.74,66.35,68.26,67841
2024-04-23 07:00:00,68.12,68.12,66.35,66.35,25467
2024-04-24 07:00:00,66.83,67.26,65.4,66.35,33712
2024-04-25 07:00:00,66.73,68.5,66.31,66.78,51774
2024-04-26 07:00:00,66.4,66.83,66.35,66.83,41388
2024-05-02 07:00:00,66.83,69.93,66.59,69.93,166170
2024-05-03 07:00:00,69.65,73.13,69.22,69.26,282467
2024-05-06 07:00:00,71.17,71.98,69.93,71.03,151205
2024-05-07 07:00:00,71.03,71.08,68.74,68.79,169723
2024-05-08 07:00:00,69.17,71.08,68.45,70.65,130148
2024-05-09 07:00:00,70.65,71.03,70.31,70.46,107270
2024-05-10 07:00:00,69.74,70.65,69.74,70.17,71039
2024-05-13 07:00:00,70.46,70.46,68.79,69.41,88118
2024-05-14 07:00:00,69.41,69.5,68.83,69.03,69260
2024-05-15 07:00:00,69.69,73.99,69.69,72.56,371555
2024-05-16 07:00:00,73.51,78.29,73.51,77.81,498007
2024-05-17 07:00:00,77.81,84.3,77.81,83.3,257910
2024-05-20 07:00:00,85.92,85.92,82.58,85.11,449424
2024-05-21 07:00:00,83.54,85.4,82.58,83.54,374950
2024-05-22 07:00:00,83.54,85.45,82.82,84.97,331862
2024-05-23 07:00:00,84.49,86.88,84.01,86.4,248809
2024-05-24 07:00:00,86.35,88.31,85.92,88.26,403171
2024-05-27 07:00:00,87.4,88.26,83.54,85.45,195719
2024-05-28 07:00:00,85.92,88.5,85.92,88.36,246735
2024-05-29 07:00:00,88.74,88.74,86.88,87.36,142004
2024-05-30 07:00:00,85.45,88.55,85.45,88.55,132872
2024-05-31 07:00:00,87.6,93.56,87.6,93.56,741058
2024-06-03 07:00:00,93.8,102.15,93.56,97.14,154689
2024-06-04 07:00:00,97.38,97.86,94.99,97.86,339843
2024-06-05 07:00:00,97.86,98.81,96.62,98.76,237462
2024-06-06 07:00:00,97.86,104.54,97.86,104.06,387486
2024-06-07 07:00:00,104.06,105.5,103.11,104.3,185700
2024-06-10 07:00:00,104.3,106.36,104.3,106.36,403472
2024-06-11 07:00:00,106.4,106.4,104.06,106.36,174914
2024-06-12 07:00:00,95.47,106.69,95.47,105.5,130492
2024-06-13 07:00:00,105.73,105.73,103.63,104.3,168167
2024-06-14 07:00:00,104.3,105.21,102.87,104.3,306864
2024-06-17 07:00:00,103.59,104.83,102.63,104.49,272654
2024-06-18 07:00:00,104.78,104.78,101.49,103.82,117909
2024-06-19 07:00:00,103.59,104.54,101.2,104.35,241314
2024-06-20 07:00:00,104.54,105.73,103.44,105.3,348501
2024-06-21 07:00:00,104.83,105.3,104.54,105.26,219714
2024-06-24 07:00:00,105.78,106.78,103.59,105.16,536367
2024-06-25 07:00:00,105.16,105.59,104.06,104.97,86477
2024-06-26 07:00:00,104.68,105.5,103.11,105.5,153689
2024-06-27 07:00:00,105.5,107.6,104.54,106.45,503002
2024-06-28 07:00:00,106.07,106.45,104.4,105.97,228045
2024-07-01 07:00:00,105.97,105.97,104.54,105.97,195268
2024-07-02 07:00:00,108.7,108.7,106.74,107.33,369795
2024-07-03 07:00:00,107.28,107.38,105.81,107.38,248911
2024-07-04 07:00:00,107.38,107.38,106.06,107.04,107780
2024-07-05 07:00:00,106.35,107.23,106.01,106.65,141790
2024-07-08 07:00:00,106.21,107.38,104.3,106.99,276752
2024-07-09 07:00:00,106.99,106.99,106.01,106.94,86434
2024-07-10 07:00:00,106.74,106.74,104.84,104.84,67268
2024-07-11 07:00:00,104.84,105.81,99.89,100.38,290483
2024-07-12 07:00:00,100.38,100.82,93.57,94.85,255280
2024-07-15 07:00:00,94.5,96.56,94.5,95.97,60991
2024-07-16 07:00:00,96.46,96.46,94.5,95.92,114031
2024-07-17 07:00:00,94.55,96.85,94.5,96.85,180261
2024-07-18 07:00:00,95.73,96.46,90.73,96.46,134807
2024-07-19 07:00:00,96.46,96.46,95.29,96.46,55971
2024-07-22 07:00:00,96.02,96.22,93.03,96.22,99846
2024-07-23 07:00:00,94.99,96.17,94.06,96.12,58951
2024-07-24 07:00:00,95.48,95.97,94.16,95.92,33321
2024-07-25 07:00:00,95.48,95.97,95.09,95.97,11360
2024-07-26 07:00:00,95.48,100.38,95.48,100.38,99525
2024-07-29 07:00:00,100.38,100.62,99.16,99.16,52563
2024-07-30 07:00:00,99.4,99.4,96.76,98.32,96569
2024-07-31 07:00:00,96.76,99.35,95.97,98.91,145391
2024-08-01 07:00:00,97.93,98.91,96.76,98.91,65804
2024-08-02 07:00:00,97.74,100.82,97.74,100.82,62125
2024-08-05 07:00:00,97.93,99.4,97.83,99.4,50273
2024-08-06 07:00:00,98.42,108.41,97.98,105.76,116460
2024-08-07 07:00:00,105.72,105.72,102.83,102.92,105268
2024-08-08 07:00:00,102.83,104.74,102.83,104.74,20464
2024-08-09 07:00:00,104.79,104.79,103.12,104.79,21507
2024-08-12 07:00:00,104.74,104.79,103.07,104.79,25051
2024-08-13 07:00:00,103.95,104.79,103.95,104.3,50659
2024-08-14 07:00:00,104.79,104.79,102.34,104.3,162794
2024-08-15 07:00:00,103.81,104.3,103.37,104.3,47573
2024-08-16 07:00:00,103.37,104.54,103.37,104.25,174853
2024-08-19 07:00:00,104.25,104.25,102.83,104.25,48399
2024-08-20 07:00:00,104.15,104.25,103.22,104.25,40891
2024-08-21 07:00:00,103.71,103.71,102.68,103.56,77615
2024-08-22 07:00:00,100.67,104.3,100.62,101.95,26681
2024-08-23 07:00:00,102.0,102.83,101.85,102.83,19799
2024-08-26 07:00:00,102.0,102.09,100.87,101.31,66992
2024-08-27 07:00:00,98.91,100.87,98.91,100.87,38317
2024-08-28 07:00:00,99.89,100.38,99.64,100.33,63515
2024-08-29 07:00:00,99.89,100.28,98.71,100.28,38810
2024-08-30 07:00:00,99.4,103.42,99.4,103.42,146021
2024-09-04 07:00:00,104.49,104.49,102.48,103.27,60824
2024-09-05 07:00:00,103.42,103.56,100.97,101.65,36988
2024-09-06 07:00:00,100.87,102.58,100.43,102.58,34549
2024-09-09 07:00:00,101.65,102.34,101.6,102.34,15334
2024-09-10 07:00:00,102.34,102.34,100.97,101.8,46625
2024-09-11 07:00:00,101.6,101.6,99.55,101.6,39925
2024-09-12 07:00:00,101.36,101.36,94.5,99.84,109574
2024-09-13 07:00:00,100.13,100.38,99.4,100.38,60492
2024-09-16 07:00:00,99.94,100.38,99.74,100.04,55999
2024-09-17 07:00:00,100.38,102.09,99.99,101.36,110375
2024-09-18 07:00:00,102.34,102.39,101.7,102.29,137012
2024-09-19 07:00:00,102.19,102.19,87.16,101.75,105424
2024-09-20 07:00:00,105.08,105.08,101.65,102.73,88503
2024-09-23 07:00:00,102.34,104.44,102.34,104.34,336798
2024-09-24 07:00:00,104.2,109.49,104.2,107.72,242225
2024-09-25 07:00:00,116.64,116.64,106.04,107.58,103427
2024-09-26 07:00:00,107.1,107.1,104.18,106.04,133122
2024-09-27 07:00:00,106.14,106.2,104.45,106.04,48034
2024-09-30 07:00:00,106.09,106.09,103.92,105.51,47010
2024-10-01 07:00:00,105.03,105.03,103.7,103.81,29567
2024-10-02 07:00:00,103.81,104.98,99.04,104.45,115742
2024-10-03 07:00:00,104.66,106.04,104.34,104.34,329387
2024-10-04 07:00:00,104.34,106.04,104.34,105.77,139694
2024-10-07 07:00:00,104.98,106.04,104.34,104.66,17194
2024-10-08 07:00:00,105.51,105.67,104.71,105.61,70562
2024-10-09 07:00:00,104.76,105.98,102.38,105.98,32217
2024-10-10 07:00:00,105.24,106.04,104.98,106.04,49689
2024-10-11 07:00:00,105.03,106.09,104.98,105.88,40232
2024-10-14 07:00:00,104.5,105.45,104.5,105.3,18446
2024-10-15 07:00:00,104.98,105.51,104.55,105.51,25414
2024-10-16 07:00:00,105.77,112.66,105.24,111.87,154699
2024-10-17 07:00:00,112.14,112.88,110.81,111.07,36345
2024-10-18 07:00:00,111.29,111.34,110.49,110.49,18388
2024-10-21 07:00:00,110.49,110.49,108.69,109.75,21010
2024-10-22 07:00:00,109.22,109.32,108.16,108.16,16975
2024-10-23 07:00:00,108.95,110.01,107.63,110.01,23693
2024-10-24 07:00:00,110.01,112.4,110.01,111.76,61696
2024-10-25 07:00:00,110.33,111.34,110.28,111.07,9310
2024-10-28 07:00:00,111.34,111.87,110.38,111.07,14265
2024-10-29 07:00:00,111.34,112.14,110.76,111.07,21873
2024-10-30 07:00:00,111.34,112.4,109.75,112.4,54615
2024-10-31 07:00:00,112.03,112.35,110.76,111.18,43014
2024-11-01 07:00:00,111.23,112.4,110.28,112.4,38838
2024-11-04 07:00:00,111.34,113.99,111.34,113.09,67765
2024-11-05 07:00:00,113.09,113.83,112.66,113.83,13524
2024-11-06 07:00:00,113.72,116.38,113.72,116.11,84184
2024-11-07 07:00:00,116.11,116.11,114.52,115.32,26171
2024-11-08 07:00:00,115.32,115.32,113.57,114.41,31827
2024-11-11 07:00:00,113.88,116.64,113.72,116.64,31306
2024-11-12 07:00:00,116.64,119.13,116.54,116.69,28744
2024-11-13 07:00:00,117.6,117.6,115.58,117.38,15765
2024-11-14 07:00:00,117.38,119.56,117.33,118.28,23827
2024-11-15 07:00:00,116.64,118.39,115.79,116.64,25992
2024-11-18 07:00:00,116.06,118.23,113.99,118.23,43860
2024-11-19 07:00:00,117.97,118.76,116.11,116.64,8545
2024-11-20 07:00:00,116.64,118.18,115.1,118.18,17701
2024-11-21 07:00:00,117.38,117.38,115.05,115.05,32703
2024-11-22 07:00:00,116.32,116.59,114.84,116.38,42285
2024-11-25 07:00:00,116.38,116.38,115.0,116.06,12741
2024-11-26 07:00:00,115.05,116.16,115.05,116.11,141326
2024-11-27 07:00:00,116.06,116.16,116.06,116.11,6332
2024-11-28 07:00:00,116.11,116.16,115.79,116.06,20310
2024-11-29 07:00:00,116.11,121.94,115.95,121.84,65695
2024-12-02 07:00:00,118.23,121.41,118.23,119.19,20467
2024-12-03 07:00:00,119.29,121.41,119.29,119.29,21009
2024-12-04 07:00:00,119.29,119.29,117.7,117.7,15356
2024-12-05 07:00:00,117.7,120.88,117.7,120.88,16163
2024-12-06 07:00:00,120.88,120.88,117.17,119.29,43890
2024-12-09 07:00:00,117.76,119.72,117.17,119.56,26888
2024-12-10 07:00:00,119.56,119.56,116.64,117.12,23450
2024-12-11 07:00:00,119.29,123.0,117.17,118.76,147402
2024-12-12 07:00:00,120.35,120.35,118.44,119.29,68881
2024-12-13 07:00:00,119.29,120.35,118.76,120.14,51780
2024-12-16 07:00:00,120.19,124.28,120.14,123.43,97972
2024-12-17 07:00:00,123.32,123.43,120.62,122.95,66843
2024-12-18 07:00:00,122.95,122.95,121.31,121.41,44841
2024-12-19 07:00:00,126.52,126.52,120.0,121.38,47350
2024-12-20 07:00:00,121.49,124.26,121.49,123.98,44858
2024-12-23 07:00:00,123.59,126.08,123.59,126.08,50309
2024-12-24 07:00:00,126.03,129.34,125.42,128.85,105920
2024-12-25 07:00:00,127.19,128.85,126.36,128.13,63272
2024-12-26 07:00:00,127.24,128.85,126.8,128.68,151981
2024-12-27 07:00:00,128.29,130.78,127.19,130.78,240529
2024-12-30 07:00:00,130.78,143.78,129.73,143.78,114658
2024-12-31 07:00:00,135.48,143.78,135.48,141.01,163375
2025-01-02 07:00:00,143.72,143.78,134.38,136.59,77112
2025-01-03 07:00:00,136.59,136.59,128.29,131.34,116551
2025-01-06 07:00:00,132.05,132.66,129.95,131.89,35826
2025-01-07 07:00:00,131.61,131.61,128.85,130.56,30601
2025-01-08 07:00:00,129.95,129.95,127.52,129.62,22688
2025-01-09 07:00:00,129.12,129.12,126.64,127.3,23683
2025-01-10 07:00:00,127.3,128.24,121.94,128.24,34384
2025-01-13 07:00:00,127.19,128.85,126.08,127.19,17214
2025-01-14 07:00:00,128.57,128.57,123.15,126.08,55868
2025-01-15 07:00:00,124.48,125.53,121.77,124.98,40674
2025-01-16 07:00:00,124.42,125.8,122.76,122.76,24190
2025-01-17 07:00:00,122.76,124.86,122.76,124.86,17768
2025-01-20 07:00:00,124.15,124.48,120.0,120.66,91122
2025-01-21 07:00:00,120.55,120.55,116.68,117.73,234543
2025-01-22 07:00:00,118.34,119.45,117.23,118.23,146980
2025-01-23 07:00:00,118.23,119.22,116.96,118.51,74076
2025-01-24 07:00:00,118.62,121.1,118.23,119.83,63450
2025-02-03 07:00:00,119.67,120.55,118.62,118.78,37824
2025-02-04 07:00:00,119.17,122.71,119.17,121.05,112127
2025-02-05 07:00:00,122.76,123.26,121.38,121.6,102799
2025-02-06 07:00:00,122.27,123.37,121.1,122.76,139838
2025-02-07 07:00:00,122.21,122.43,120.61,121.66,93221
2025-02-10 07:00:00,121.33,122.21,121.1,121.27,201581
2025-02-11 07:00:00,125.41,125.41,121.56,121.64,209110
2025-02-12 07:00:00,122.66,122.66,120.54,121.25,42094
2025-02-13 07:00:00,121.25,121.64,119.04,121.01,99175
2025-02-14 07:00:00,119.52,119.99,118.73,118.89,43522
2025-02-17 07:00:00,119.12,119.2,116.14,116.84,69006
2025-02-18 07:00:00,117.47,117.55,116.14,117.16,26856
2025-02-19 07:00:00,115.98,119.99,115.98,119.52,79805
2025-02-20 07:00:00,119.99,119.99,119.44,119.52,53606
2025-02-21 07:00:00,119.52,119.52,117.16,118.89,36873
2025-02-24 07:00:00,118.89,118.89,117.16,117.47,43395
2025-02-25 07:00:00,117.55,117.94,117.16,117.39,52387
2025-02-26 07:00:00,117.55,117.86,117.0,117.0,30110
2025-02-27 07:00:00,117.0,117.94,117.0,117.55,28396
2025-02-28 07:00:00,117.55,117.55,117.08,117.16,25620
2025-03-03 07:00:00,117.24,117.63,116.61,117.16,36598
2025-03-04 07:00:00,117.39,117.39,116.69,117.0,28051
2025-03-05 07:00:00,116.92,117.55,116.37,116.61,41830
2025-03-06 07:00:00,117.16,118.34,116.37,116.76,113380
2025-03-07 07:00:00,116.76,117.94,116.76,117.08,32781
2025-03-10 07:00:00,116.76,117.47,116.06,116.21,52630
2025-03-11 07:00:00,116.37,116.37,115.11,115.51,47675
2025-03-12 07:00:00,115.58,117.94,114.8,117.94,56407
2025-03-13 07:00:00,116.45,117.71,115.98,116.61,74951
2025-03-14 07:00:00,117.16,117.16,114.72,114.72,103832
2025-03-17 07:00:00,115.58,115.58,111.65,111.97,73074
2025-03-18 07:00:00,112.44,112.99,110.08,110.16,63126
2025-03-19 07:00:00,111.73,111.73,108.51,108.51,67548
2025-03-20 07:00:00,108.35,110.4,108.35,109.45,24732
2025-03-21 07:00:00,110.08,110.47,109.92,110.47,20905
2025-03-24 07:00:00,110.47,110.55,109.06,109.14,24118
2025-03-25 07:00:00,110.08,110.08,109.29,109.29,36526
2025-03-26 07:00:00,109.61,110.08,109.45,109.45,11439
2025-03-27 07:00:00,109.61,114.8,109.61,113.23,44126
2025-03-28 07:00:00,113.62,115.58,113.23,113.46,102518
2025-03-31 07:00:00,114.96,114.96,110.16,113.23,98896
2025-04-01 07:00:00,111.26,112.44,111.26,111.65,69702
2025-04-02 07:00:00,112.2,112.44,110.08,110.08,45915
2025-04-03 07:00:00,109.37,110.08,94.75,96.71,231615
2025-04-04 07:00:00,96.71,102.22,84.92,100.64,116559
2025-04-08 07:00:00,96.08,96.87,84.13,86.41,219476
2025-04-09 07:00:00,85.71,91.21,83.9,89.64,149652
2025-04-10 07:00:00,101.43,102.92,98.29,101.43,1468907
2025-04-11 07:00:00,104.58,104.58,97.5,100.64,169567
2025-04-14 07:00:00,100.64,101.43,94.12,95.53,209081
2025-04-15 07:00:00,99.07,101.04,92.78,92.78,121341
2025-04-16 07:00:00,93.57,94.12,91.76,91.76,124263
2025-04-17 07:00:00,91.21,92.0,88.22,89.72,111406
2025-04-18 07:00:00,90.03,94.04,90.03,92.78,55709
2025-04-21 07:00:00,92.78,92.86,90.34,90.42,46885
2025-04-22 07:00:00,90.42,90.42,80.99,87.28,233566
2025-04-23 07:00:00,90.42,90.42,82.64,88.77,102236
2025-04-24 07:00:00,90.42,90.42,87.99,89.95,86736
2025-04-25 07:00:00,90.03,95.14,89.95,92.78,240686
2025-04-28 07:00:00,96.71,97.5,91.84,94.51,168136
2025-04-29 07:00:00,94.36,95.06,92.94,94.04,135686
2025-05-05 07:00:00,94.04,94.36,92.0,93.96,68200
2025-05-06 07:00:00,93.96,93.96,92.47,92.78,71400
2025-05-07 07:00:00,91.68,93.49,91.68,92.78,56900
2025-05-08 07:00:00,92.39,93.73,91.68,92.86,83500
2025-05-09 07:00:00,92.78,94.75,92.23,94.51,163300
2025-05-12 07:00:00,94.59,98.68,94.36,98.13,149100
2025-05-13 07:00:00,98.68,101.35,98.21,100.64,143300
2025-05-14 07:00:00,100.64,103.95,100.64,103.48,282500
2025-05-15 07:00:00,103.48,107.56,103.48,105.05,250300
2025-05-16 07:00:00,105.44,105.44,101.27,101.59,162000
2025-05-19 07:00:00,100.64,101.12,99.07,100.17,85700
2025-05-20 07:00:00,100.33,100.33,98.6,99.86,83000
2025-05-21 07:00:00,99.07,103.56,99.07,102.22,109300
2025-05-22 07:00:00,102.22,102.61,100.64,101.27,70800
2025-05-23 07:00:00,100.33,100.96,100.02,100.1,37600
2025-05-26 07:00:00,100.17,101.98,98.92,101.98,101700
2025-05-27 07:00:00,101.04,102.61,100.8,101.04,128700
2025-05-28 07:00:00,101.67,102.22,101.04,101.43,79900
2025-05-29 07:00:00,101.59,101.59,100.41,100.8,40200
2025-05-30 07:00:00,100.88,100.88,99.47,100.25,95300
2025-06-02 07:00:00,99.94,100.1,99.47,99.86,65200
2025-06-03 07:00:00,100.25,102.14,100.25,101.04,101200
2025-06-04 07:00:00,100.25,101.43,100.25,100.88,57700
2025-06-05 07:00:00,101.04,101.04,100.17,100.64,67200
2025-06-06 07:00:00,100.57,102.85,100.57,101.2,130100
2025-06-09 07:00:00,101.2,101.43,100.25,100.33,61100
2025-06-10 07:00:00,99.86,101.35,99.86,100.57,68400
2025-06-11 07:00:00,100.88,100.88,99.86,100.02,32400
2025-06-12 07:00:00,100.17,101.04,100.17,100.64,38000
2025-06-13 07:00:00,100.49,101.43,99.07,99.78,83700
2025-06-16 07:00:00,99.62,99.78,99.07,99.78,38000
2025-06-17 07:00:00,99.86,100.41,99.47,99.86,47200
2025-06-18 07:00:00,99.78,99.86,97.89,98.21,131100
2025-06-19 07:00:00,98.21,98.21,95.85,97.26,187700
2025-06-20 07:00:00,97.26,98.99,96.87,97.34,55400
2025-06-23 07:00:00,97.34,98.21,94.36,97.26,152200
2025-06-24 07:00:00,97.26,97.82,97.03,97.03,146800
2025-06-25 07:00:00,97.19,97.82,97.03,97.58,95200
2025-06-26 07:00:00,97.5,100.64,97.5,99.23,215800
2025-06-27 07:00:00,99.86,100.64,99.07,99.94,248500
2025-06-30 07:00:00,100.25,102.22,99.39,99.62,190500
2025-07-01 07:00:00,100.02,100.25,97.97,98.52,173000
2025-07-02 07:00:00,98.52,98.6,97.89,98.6,136100
2025-07-03 07:00:00,98.6,101.04,98.6,100.57,212900
2025-07-04 07:00:00,100.49,101.04,99.15,100.8,248700
2025-07-07 07:00:00,101.05,101.05,97.92,98.8,340600
2025-07-08 07:00:00,99.44,99.44,96.48,97.28,424800
2025-07-09 07:00:00,98.08,98.56,96.24,96.32,327200
2025-07-10 07:00:00,96.64,98.64,96.08,96.24,408400
2025-07-11 07:00:00,96.64,96.88,95.35,95.84,276200
2025-07-14 07:00:00,95.84,97.36,95.51,96.8,207100
2025-07-15 07:00:00,97.04,97.04,95.84,95.92,288500
2025-07-16 07:00:00,96.08,97.36,95.84,96.72,194200
2025-07-17 07:00:00,96.56,96.96,95.19,95.35,373600
2025-07-18 07:00:00,95.68,97.04,94.31,94.63,656300
2025-07-21 07:00:00,94.63,95.35,92.23,92.87,543200
2025-07-22 07:00:00,92.95,93.03,91.66,92.23,335100
2025-07-23 07:00:00,92.23,94.15,92.15,93.59,496100
2025-07-24 07:00:00,93.51,94.71,92.23,92.87,811100
2025-07-25 07:00:00,92.87,93.83,92.23,93.11,354500
2025-07-28 07:00:00,93.11,93.67,91.99,92.63,762400
2025-07-29 07:00:00,92.63,92.63,85.81,87.41,1350100
2025-07-30 07:00:00,87.41,88.86,85.65,86.85,589400
2025-07-31 07:00:00,86.85,87.33,81.64,84.29,972600
2025-08-01 07:00:00,83.81,84.45,82.44,84.21,502500
2025-08-04 07:00:00,84.29,86.93,83.64,85.81,336400
2025-08-05 07:00:00,86.21,87.41,85.57,86.45,596000
2025-08-06 07:00:00,86.61,89.34,85.89,88.3,495900
2025-08-07 07:00:00,89.58,89.9,88.38,89.18,339200
2025-08-08 07:00:00,89.42,89.42,87.9,89.02,361900
2025-08-11 07:00:00,89.82,92.79,89.02,92.23,564000
2025-08-12 07:00:00,92.55,93.19,91.42,91.82,253600
2025-08-13 07:00:00,91.99,92.95,90.3,91.58,412100
2025-08-14 07:00:00,91.42,91.9,90.22,91.1,402100
2025-08-15 07:00:00,91.02,91.82,90.22,90.7,239700
2025-08-18 07:00:00,90.7,93.83,89.02,90.62,700200
2025-08-19 07:00:00,90.62,92.23,88.22,91.66,735800
2025-08-20 07:00:00,91.66,93.03,90.7,91.82,703600
2025-08-21 07:00:00,91.82,93.19,91.82,93.19,749700
2025-08-22 07:00:00,93.19,96.08,92.87,94.63,492300
2025-08-25 07:00:00,94.63,95.43,93.75,95.11,328600
2025-08-26 07:00:00,95.03,95.68,93.83,95.43,355000
2025-08-27 07:00:00,95.84,97.92,95.84,97.84,474900
2025-08-28 07:00:00,97.84,103.13,97.84,102.65,713100
2025-08-29 07:00:00,103.05,105.46,103.05,104.42,639200
2025-09-03 07:00:00,104.42,106.02,103.45,104.5,430200
2025-09-04 07:00:00,104.5,105.86,104.5,105.62,278500
2025-09-05 07:00:00,105.78,106.02,104.5,104.66,478600
2025-09-08 07:00:00,104.58,105.46,102.65,103.45,379600
2025-09-09 07:00:00,103.45,103.86,102.65,103.53,331900
2025-09-10 07:00:00,103.86,104.02,102.65,103.86,243000
2025-09-11 07:00:00,103.86,103.86,101.05,102.01,391000
2025-09-12 07:00:00,102.65,103.29,102.01,103.29,186800
2025-09-15 07:00:00,102.97,103.69,102.97,103.21,190400
2025-09-16 07:00:00,103.37,103.86,101.85,103.37,458900
2025-09-17 07:00:00,103.37,103.37,102.01,102.73,211700
2025-09-18 07:00:00,102.65,102.97,101.93,102.65,168100
2025-09-19 07:00:00,102.65,104.66,102.17,103.86,246600
2025-09-22 07:00:00,104.1,104.1,102.17,102.65,127800
2025-09-23 07:00:00,102.81,103.45,102.49,102.65,173300
2025-09-24 07:00:00,102.97,104.02,102.33,103.86,152800
2025-09-25 07:00:00,103.05,103.86,102.41,103.86,181000
2025-09-26 07:00:00,103.45,105.06,103.45,104.34,204500
2025-09-29 07:00:00,104.34,105.06,104.34,104.58,162300
2025-09-30 07:00:00,104.42,104.42,102.33,103.61,188400
2025-10-01 07:00:00,103.45,103.94,102.89,103.29,49400
2025-10-02 07:00:00,102.65,103.45,102.65,102.73,171500
2025-10-03 07:00:00,102.65,103.05,101.45,102.65,194500
2025-10-06 07:00:00,103.21,104.26,102.49,104.02,148600
2025-10-07 07:00:00,104.02,108.27,103.78,106.26,248300
2025-10-08 07:00:00,107.06,107.46,105.38,105.7,65900
2025-10-09 07:00:00,106.26,107.62,106.26,107.62,265200
2025-10-10 07:00:00,107.62,117.09,107.46,115.56,885100
2025-10-13 07:00:00,115.56,122.7,113.08,121.74,713200
2025-10-14 07:00:00,121.74,123.5,117.89,119.57,498600
2025-10-15 07:00:00,119.97,120.22,117.17,119.41,412600
2025-10-16 07:00:00,119.41,121.02,117.89,118.53,662500
2025-10-17 07:00:00,119.33,119.73,115.08,116.77,229200
2025-10-20 07:00:00,115.96,115.96,110.67,111.07,645200
2025-10-21 07:00:00,100.25,113.48,100.25,112.84,316400
2025-10-22 07:00:00,112.04,116.12,112.04,114.68,186200
2025-10-23 07:00:00,115.24,115.88,114.68,115.08,201200
2025-10-24 07:00:00,115.48,117.01,114.68,116.28,354000
2025-10-27 07:00:00,104.26,120.3,104.26,119.41,451700
2025-10-28 07:00:00,119.09,121.1,119.09,120.22,485900
2025-10-29 07:00:00,120.14,125.11,120.14,124.22,593500
2025-10-30 07:00:00,123.82,130.72,123.82,127.83,726000
2025-10-31 07:00:00,129.92,130.72,126.71,127.91,343700
2025-11-03 07:00:00,127.83,141.63,127.83,140.26,1311000
2025-11-04 07:00:00,137.54,149.17,137.54,146.44,1799900
2025-11-05 07:00:00,146.76,156.38,145.96,149.89,1239200
2025-11-06 07:00:00,152.29,158.79,140.34,145.64,1216200
2025-11-07 07:00:00,149.17,157.99,145.64,156.22,1730800
2025-11-10 07:00:00,156.22,164.4,155.58,160.39,1173800
2025-11-11 07:00:00,161.2,166.81,159.59,165.2,877900
2025-11-12 07:00:00,166.01,173.14,166.01,173.14,766700
2025-11-13 07:00:00,172.42,176.83,172.42,173.71,1217600
2025-11-14 07:00:00,174.83,177.88,174.03,174.75,723100
2025-11-17 07:00:00,174.03,177.24,174.03,175.63,499500
2025-11-18 07:00:00,176.43,176.43,171.62,172.42,457700
2025-11-19 07:00:00,168.41,175.55,168.41,170.98,633000
2025-11-20 07:00:00,170.82,173.22,170.82,172.26,334800
2025-11-21 07:00:00,172.34,172.5,168.65,168.89,780000
2025-11-24 07:00:00,168.89,172.42,168.25,171.62,389100
2025-11-25 07:00:00,172.42,172.58,171.62,171.7,351300
2025-11-26 07:00:00,172.18,176.43,172.18,172.98,228000
2025-11-27 07:00:00,174.03,174.03,172.98,173.55,82100
2025-11-28 07:00:00,173.95,174.43,172.1,173.3,211700
2025-12-01 07:00:00,173.22,174.03,173.22,173.55,270300
2025-12-02 07:00:00,173.55,184.45,173.55,176.19,773400
2025-12-03 07:00:00,178.04,178.6,176.43,176.67,471700
2025-12-04 07:00:00,176.67,178.44,176.03,177.07,262100
2025-12-05 07:00:00,178.2,179.64,169.22,174.11,230600
2025-12-08 07:00:00,172.42,173.22,171.62,172.18,112400
2025-12-09 07:00:00,172.02,173.22,171.62,172.18,115700
2025-12-10 07:00:00,172.26,172.26,171.54,172.02,135500
2025-12-11 07:00:00,170.02,174.83,170.02,173.87,179400
2025-12-12 07:00:00,173.63,174.83,170.82,170.82,304300
2025-12-15 07:00:00,170.9,172.82,169.22,169.86,330100
2025-12-16 07:00:00,169.22,172.34,169.22,171.46,418200
2025-12-17 07:00:00,171.62,171.7,170.1,170.42,153600
2025-12-25 07:00:00,176.43,179.24,170.66,179.24,1009000
2025-12-26 07:00:00,173.22,177.64,173.22,176.43,295000
2025-12-29 07:00:00,176.43,176.51,171.62,176.51,643900
2025-12-30 07:00:00,176.35,177.4,175.63,177.4,382800
2025-12-31 07:00:00,177.4,180.44,177.4,178.04,142000
2026-01-05 07:00:00,179.56,179.56,173.06,177.4,458700
2026-01-06 07:00:00,176.91,176.91,175.47,176.43,148900
2026-01-07 07:00:00,175.07,176.43,173.79,176.43,403200
2026-01-08 07:00:00,174.99,174.99,172.74,173.63,494300
2026-01-09 07:00:00,172.44,176.48,167.52,173.43,189200
2026-01-12 07:00:00,169.98,170.57,167.52,170.28,110800
2026-01-13 07:00:00,169.0,170.28,161.6,167.42,321200
2026-01-14 07:00:00,162.79,167.22,162.79,165.55,96300
2026-01-15 07:00:00,163.08,165.45,161.51,162.59,373200
2026-01-16 07:00:00,162.59,162.59,153.72,157.66,488100
2026-01-19 07:00:00,157.66,157.66,152.74,157.66,306300
2026-01-20 07:00:00,157.66,162.59,157.66,159.44,244400
2026-01-21 07:00:00,159.44,159.63,155.69,157.46,188700
2026-01-22 07:00:00,158.16,158.16,153.72,156.48,214200
2026-01-23 07:00:00,156.58,157.66,155.2,156.48,166700
2026-01-26 07:00:00,158.35,158.45,154.71,156.18,130600
2026-01-27 07:00:00,156.18,156.58,153.72,156.18,148900
2026-01-28 07:00:00,156.18,156.78,154.21,154.8,200500
2026-01-29 07:00:00,154.21,159.63,154.21,155.79,471000
2026-01-30 07:00:00,159.54,159.54,155.89,156.78,203900
2026-02-02 07:00:00,156.68,156.87,150.67,151.65,195300
2026-02-03 07:00:00,151.65,154.61,149.88,153.33,220900
2026-02-04 07:00:00,153.33,155.89,152.74,154.9,177600
2026-02-05 07:00:00,154.9,155.69,152.34,152.34,114100
2026-02-06 07:00:00,152.34,152.34,149.58,150.07,113500
2026-02-09 07:00:00,150.07,150.17,148.99,150.07,122300
2026-02-10 07:00:00,149.98,149.98,139.63,147.81,349800
2026-02-11 07:00:00,147.81,147.81,141.01,147.81,107200
2026-02-12 07:00:00,143.57,147.81,142.59,146.82,225300
2026-02-13 07:00:00,142.88,146.82,142.88,146.82,70200
2026-02-23 07:00:00,146.82,146.82,143.47,146.82,84400
2026-02-24 07:00:00,144.85,146.82,143.67,146.82,52500
2026-02-25 07:00:00,144.66,146.33,136.57,144.85,216100
2026-02-26 07:00:00,143.87,143.87,141.9,143.87,49000
2026-02-27 07:00:00,142.0,142.39,136.97,138.94,325500
2026-03-02 07:00:00,133.03,138.94,132.83,138.94,259700
2026-03-03 07:00:00,135.0,148.6,135.0,148.6,439500
2026-03-04 07:00:00,149.78,157.66,148.89,157.66,808500
2026-03-05 07:00:00,162.59,163.57,147.81,147.91,322900
2026-03-06 07:00:00,147.32,147.32,139.73,140.02,217700
2026-03-09 07:00:00,130.56,131.45,130.27,130.27,208800
2026-03-10 07:00:00,130.37,139.33,130.37,135.98,325900
2026-03-11 07:00:00,134.51,142.88,134.51,142.88,94000
2026-03-12 07:00:00,143.08,143.08,136.48,138.35,118400
2026-03-13 07:00:00,136.97,138.35,133.22,137.96,383200
2026-03-16 07:00:00,147.61,147.61,145.94,147.61,1482800
2026-03-17 07:00:00,151.65,157.86,148.1,157.86,2588200
2026-03-18 07:00:00,159.63,160.62,148.01,158.65,413100
2026-03-19 07:00:00,153.23,158.65,151.75,158.65,820800
2026-03-20 07:00:00,155.69,156.68,152.74,152.74,2211200
2026-03-23 07:00:00,145.34,147.81,142.09,143.47,485800
2026-03-24 07:00:00,146.92,147.81,141.4,145.34,113800
2026-03-25 07:00:00,145.34,145.84,141.9,145.34,196800
2026-03-26 07:00:00,145.25,145.25,142.39,144.85,62400
2026-03-27 07:00:00,143.87,143.87,139.83,143.08,224100
2026-03-30 07:00:00,141.9,142.68,138.15,142.39,178200
2026-03-31 07:00:00,142.39,142.39,139.63,141.9,169900
2026-04-01 07:00:00,141.9,142.88,140.91,141.9,171100
2026-04-02 07:00:00,139.93,140.71,137.76,138.94,266400
2026-04-03 07:00:00,138.94,140.91,136.08,138.65,206600
2026-04-06 07:00:00,137.86,140.32,137.56,138.05,191400
2026-04-07 07:00:00,138.05,138.05,136.57,138.05,172400
2026-04-08 07:00:00,141.3,141.3,137.96,139.14,200700
2026-04-09 07:00:00,139.14,139.14,135.59,138.35,376500
2026-04-10 07:00:00,138.35,138.55,137.46,137.96,257900
2026-04-13 07:00:00,137.96,137.96,136.18,137.96,312000
2026-04-14 07:00:00,137.96,138.25,136.97,137.96,301900
2026-04-15 07:00:00,137.96,137.96,136.97,137.96,319800
2026-04-16 07:00:00,137.96,138.05,136.97,137.96,301100
2026-04-17 07:00:00,137.96,141.6,137.56,138.94,303600
2026-04-20 07:00:00,138.94,139.53,138.55,139.24,311400
2026-04-21 07:00:00,139.14,139.24,137.46,138.05,337100
2026-04-22 07:00:00,137.76,138.05,136.28,138.05,331100
2026-04-23 07:00:00,136.67,137.96,136.08,137.96,330100
2026-04-24 07:00:00,137.96,138.25,136.28,137.46,237000
2026-04-28 07:00:00,135.69,137.46,135.69,137.46,82600
2026-04-29 07:00:00,135.69,135.98,133.03,135.0,218500
2026-05-04 07:00:00,135.0,135.98,131.06,134.51,192300
2026-05-05 07:00:00,134.51,134.51,132.04,133.03,42900
2026-05-06 07:00:00,132.04,133.03,129.09,129.78,294300
2026-05-07 07:00:00,129.28,132.73,128.59,129.78,427100
2026-05-08 07:00:00,129.28,130.66,128.59,128.89,101100
2026-05-11 07:00:00,128.99,129.48,124.16,124.16,489600
2026-05-12 07:00:00,123.27,124.65,123.17,124.16,441900
2026-05-13 07:00:00,123.76,128.1,123.76,128.1,434100
2026-05-14 07:00:00,129.97,132.44,128.2,132.04,450600
2026-05-15 07:00:00,133.03,133.52,130.17,131.06,102000
2026-05-18 07:00:00,130.86,131.06,128.1,130.07,429200
2026-05-19 07:00:00,131.75,131.75,129.09,129.09,450500
2026-05-20 07:00:00,129.88,129.88,126.23,129.09,109800
2026-05-21 07:00:00,129.09,130.07,128.4,129.09,432600
2026-05-22 07:00:00,129.09,129.09,127.12,128.5,433100
2026-05-25 07:00:00,126.43,129.09,126.43,129.09,115400
2026-05-26 07:00:00,129.97,129.97,128.3,129.88,438900
2026-05-27 07:00:00,130.17,130.56,129.38,130.27,449600
2026-05-28 07:00:00,130.37,130.37,128.1,128.59,63300
2026-05-29 07:00:00,127.12,133.03,125.64,133.03,142400
2026-06-01 07:00:00,131.84,132.04,129.48,130.56,467500
2026-06-02 07:00:00,131.94,131.94,129.68,130.56,490600
2026-06-03 07:00:00,129.68,130.56,128.2,130.56,99500
2026-06-04 07:00:00,130.07,131.06,129.09,130.56,463700
2026-06-05 07:00:00,130.47,130.47,128.59,129.58,104800
2026-06-08 07:00:00,129.09,129.58,126.62,127.61,482500
2026-06-09 07:00:00,127.61,128.1,127.12,128.1,461300
2026-06-10 07:00:00,128.1,128.59,127.61,128.4,93200
2026-06-11 07:00:00,128.4,128.4,127.51,128.4,463100
2026-06-12 07:00:00,128.3,128.4,127.51,128.4,473100
2026-06-15 07:00:00,127.61,128.4,127.41,128.4,106100
2026-06-16 07:00:00,128.5,128.5,127.41,128.4,472400
2026-06-17 07:00:00,127.61,128.4,127.41,128.1,477200
2026-06-18 07:00:00,127.51,128.1,127.21,128.1,105900
2026-06-19 07:00:00,127.61,128.1,124.65,124.65,466100
2026-06-22 07:00:00,124.65,127.02,124.65,126.62,463400
2026-06-23 07:00:00,126.72,127.31,125.14,125.24,240200
2026-06-24 07:00:00,126.43,126.43,124.26,126.13,472400
2026-06-25 07:00:00,125.24,126.72,125.14,126.13,289900
2026-06-26 07:00:00,125.24,126.72,125.14,125.93,282700
2026-06-29 07:00:00,127.02,130.27,126.92,129.09,216400
2026-06-30 07:00:00,129.28,132.63,129.28,132.04,286600
2026-07-01 07:00:00,133.03,139.43,133.03,138.65,884300
2026-07-02 07:00:00,138.94,139.93,135.98,136.67,312700
2026-07-03 07:00:00,136.67,139.33,136.67,138.35,627500
2026-07-06 07:00:00,138.35,139.33,135.98,136.97,333700
2026-07-07 07:00:00,135.88,137.46,135.0,135.59,140300
2026-07-08 07:00:00,135.59,136.38,132.04,134.8,188100
2026-07-09 07:00:00,132.63,133.22,130.86,131.84,174600
2026-07-10 07:00:00,131.84,135.1,131.75,134.01,113700
2026-07-13 07:00:00,134.8,134.8,131.16,132.04,95300
2026-07-14 07:00:00,131.94,137.86,131.94,137.86,369600
2026-07-15 07:00:00,137.96,139.73,135.2,135.98,166400
2026-07-16 07:00:00,136.77,136.77,133.13,135.79,111800
2026-07-17 07:00:00,135.79,137.96,134.51,136.87,309000
2026-07-20 07:00:00,136.97,136.97,132.34,133.32,157300
2026-07-21 07:00:00,133.13,136.18,132.54,135.79,376800
2026-07-22 07:00:00,133.72,136.97,131.55,132.83,269700
2026-07-23 07:00:00,132.83,134.01,131.35,134.01,106600
2026-07-24 07:00:00,133.82,134.01,131.25,133.03,90200
2026-07-27 07:00:00,133.03,135.98,133.03,135.49,553100
2026-07-28 07:00:00,135.49,137.36,133.52,136.87,805000
2026-07-29 07:00:00,136.97,137.56,135.0,136.87,712100
2026-07-30 07:00:00,136.87,140.81,135.0,140.81,995500
2026-07-31 07:00:00,140.91,141.5,137.86,138.94,1491200
2026-08-03 07:00:00,138.84,138.94,134.8,135.69,443000
2026-08-04 07:00:00,135.59,136.08,133.32,135.98,248000
2026-08-05 07:00:00,135.98,135.98,135.0,135.0,226700
2026-08-06 07:00:00,135.0,135.2,134.01,134.9,78400
2026-08-07 07:00:00,134.9,135.0,133.03,134.9,279200
2026-08-10 07:00:00,135.0,136.0,133.5,136.0,216700
2026-08-11 07:00:00,136.2,137.0,135.5,136.0,185600
2026-08-12 07:00:00,136.0,138.2,135.4,136.2,262100
2026-08-13 07:00:00,136.8,138.1,136.2,136.9,292000
2026-08-14 07:00:00,136.9,138.9,135.0,136.8,320800
2026-08-17 07:00:00,136.8,137.6,135.4,136.9,245400
2026-08-18 07:00:00,137.3,137.3,134.0,135.9,331900
2026-08-19 07:00:00,134.5,136.6,134.5,136.6,199000
2026-08-20 07:00:00,136.5,138.5,136.5,138.0,553700
2026-08-21 07:00:00,137.2,140.0,136.7,139.5,463900
2026-08-24 07:00:00,140.3,140.8,139.3,139.7,278700
2026-08-25 07:00:00,139.8,142.5,139.8,141.8,799800
2026-08-26 07:00:00,142.1,142.3,140.6,141.9,391300
2026-08-27 07:00:00,141.6,142.2,140.8,142.0,247000
2026-08-28 07:00:00,143.0,143.5,140.9,143.0,443900
2026-09-03 07:00:00,142.9,143.0,140.8,142.0,451000
2026-09-04 07:00:00,141.9,142.2,141.0,142.0,918100
2026-09-07 07:00:00,142.9,144.9,141.7,141.8,523100
2026-09-08 07:00:00,142.0,142.8,141.7,142.6,255300
2026-09-09 07:00:00,143.3,143.3,141.1,142.0,245300
2026-09-10 07:00:00,141.1,142.5,141.0,142.0,205000
2026-09-11 07:00:00,142.4,142.4,140.8,141.8,237400
2026-09-14 07:00:00,141.9,142.9,141.2,141.9,306900
2026-09-15 07:00:00,142.0,143.1,141.6,142.7,520300
