Date,Open,High,Low,Close,Volume
2018-09-17 07:00:00,7.8,7.86,7.68,7.68,2156240
2018-09-18 07:00:00,7.6,7.85,7.55,7.85,3436290
2018-09-19 07:00:00,7.9,7.95,7.85,7.91,4606830
2018-09-20 07:00:00,7.9,8.04,7.88,8.0,4587420
2018-09-21 07:00:00,8.09,8.14,8.01,8.07,7085490
2018-09-24 07:00:00,8.15,8.18,8.08,8.13,3011110
2018-09-25 07:00:00,8.08,8.17,8.04,8.08,3284420
2018-09-26 07:00:00,8.07,8.19,8.07,8.09,2945320
2018-09-27 07:00:00,8.14,8.29,8.09,8.24,4349150
2018-09-28 07:00:00,8.26,8.29,8.22,8.22,3238680
2018-10-01 07:00:00,8.22,8.24,8.12,8.14,2718800
2018-10-02 07:00:00,8.1,8.2,8.08,8.1,2987970
2018-10-03 07:00:00,8.14,8.18,8.09,8.18,2595250
2018-10-04 07:00:00,8.27,8.42,8.22,8.42,3749870
2018-10-05 07:00:00,8.34,8.42,8.24,8.24,3497780
2018-10-08 07:00:00,8.19,8.3,8.13,8.23,2493570
2018-10-09 07:00:00,8.23,8.29,8.2,8.26,1334060
2018-10-10 07:00:00,8.27,8.29,8.09,8.24,2429860
2018-10-11 07:00:00,7.89,8.06,7.67,7.67,9927880
2018-10-12 07:00:00,7.61,7.86,7.45,7.82,4954220
2018-10-15 07:00:00,7.82,7.82,7.62,7.66,1845760
2018-10-16 07:00:00,7.69,7.71,7.58,7.67,2143320
2018-10-17 07:00:00,7.81,7.82,7.74,7.79,2565980
2018-10-18 07:00:00,7.71,7.79,7.66,7.69,2044470
2018-10-19 07:00:00,7.56,7.71,7.51,7.62,2307550
2018-10-22 07:00:00,7.71,7.76,7.58,7.58,2307270
2018-10-23 07:00:00,7.46,7.53,7.22,7.33,4487910
2018-10-24 07:00:00,7.33,7.42,7.16,7.16,4276680
2018-10-25 07:00:00,6.7,7.13,6.7,7.08,4115970
2018-10-26 07:00:00,7.17,7.21,6.96,6.96,2485300
2018-10-29 07:00:00,6.95,6.96,6.85,6.93,1971190
2018-10-30 07:00:00,6.95,7.12,6.86,6.95,1967410
2018-10-31 07:00:00,7.08,7.28,7.04,7.24,2418880
2018-11-01 07:00:00,7.27,7.28,7.07,7.08,2372190
2018-11-02 07:00:00,7.14,7.33,7.1,7.28,3357100
2018-11-05 07:00:00,7.18,7.36,7.16,7.31,1836910
2018-11-06 07:00:00,7.36,7.38,7.23,7.23,2015480
2018-11-07 07:00:00,7.23,7.27,7.09,7.21,1878310
2018-11-08 07:00:00,7.33,7.33,7.24,7.24,1772080
2018-11-09 07:00:00,7.21,7.23,7.03,7.03,1537960
2018-11-12 07:00:00,6.95,7.16,6.9,7.16,1881680
2018-11-13 07:00:00,6.95,7.12,6.95,7.04,1201380
2018-11-14 07:00:00,7.04,7.13,6.92,7.03,1152590
2018-11-15 07:00:00,7.03,7.05,6.92,6.98,1109230
2018-11-16 07:00:00,7.03,7.08,6.95,7.0,1419440
2018-11-19 07:00:00,7.05,7.21,7.05,7.21,2127510
2018-11-20 07:00:00,7.12,7.19,7.12,7.18,1348260
2018-11-21 07:00:00,7.08,7.31,7.05,7.31,1622010
2018-11-22 07:00:00,7.31,7.33,7.22,7.24,1187210
2018-11-23 07:00:00,7.24,7.24,7.05,7.05,1364180
2018-11-26 07:00:00,7.0,7.07,7.0,7.03,1112650
2018-11-27 07:00:00,7.07,7.13,7.03,7.07,1626230
2018-11-28 07:00:00,7.07,7.13,7.02,7.13,1561150
2018-11-29 07:00:00,7.21,7.27,7.14,7.16,2115370
2018-11-30 07:00:00,7.14,7.21,7.12,7.21,1080940
2018-12-03 07:00:00,7.36,7.5,7.33,7.5,3666920
2018-12-04 07:00:00,7.46,7.52,7.4,7.45,2144650
2018-12-05 07:00:00,7.36,7.48,7.33,7.46,2978510
2018-12-06 07:00:00,7.43,7.48,7.41,7.43,2552240
2018-12-07 07:00:00,7.46,7.56,7.46,7.5,2214580
2018-12-10 07:00:00,7.41,7.46,7.4,7.4,1061320
2018-12-11 07:00:00,7.4,7.43,7.34,7.37,850740
2018-12-12 07:00:00,7.42,7.5,7.38,7.5,947590
2018-12-13 07:00:00,7.53,7.58,7.51,7.51,1923340
2018-12-14 07:00:00,7.43,7.5,7.41,7.41,1195470
2018-12-17 07:00:00,7.36,7.4,7.22,7.22,1604620
2018-12-18 07:00:00,7.03,7.22,7.03,7.13,1975390
2018-12-19 07:00:00,7.19,7.19,7.05,7.1,1349430
2018-12-20 07:00:00,7.09,7.21,7.07,7.12,925300
2018-12-21 07:00:00,7.08,7.08,7.04,7.04,1345330
2018-12-24 07:00:00,7.03,7.08,6.8,6.83,2087580
2018-12-25 07:00:00,6.69,6.8,6.52,6.79,2802250
2018-12-26 07:00:00,6.78,6.85,6.72,6.74,1110080
2018-12-27 07:00:00,6.88,6.94,6.83,6.83,1206330
2018-12-28 07:00:00,6.83,6.85,6.72,6.74,1071830
2019-01-02 07:00:00,6.75,6.8,6.64,6.7,1216350
2019-01-03 07:00:00,6.7,6.7,6.51,6.57,1672220
2019-01-04 07:00:00,6.57,6.62,6.43,6.57,1232910
2019-01-07 07:00:00,6.78,6.78,6.59,6.59,735500
2019-01-08 07:00:00,6.61,6.61,6.48,6.5,1306960
2019-01-09 07:00:00,6.57,6.6,6.5,6.51,1650530
2019-01-10 07:00:00,6.5,6.56,6.46,6.46,1212750
2019-01-11 07:00:00,6.5,6.65,6.5,6.61,1820470
2019-01-14 07:00:00,6.62,6.62,6.52,6.52,776770
2019-01-15 07:00:00,6.52,6.59,6.51,6.57,995860
2019-01-16 07:00:00,6.59,6.6,6.48,6.51,1467160
2019-01-17 07:00:00,6.51,6.52,6.36,6.37,1852510
2019-01-18 07:00:00,6.37,6.41,6.3,6.36,1521200
2019-01-21 07:00:00,6.36,6.55,6.36,6.47,1700870
2019-01-22 07:00:00,6.47,6.55,6.46,6.46,1156270
2019-01-23 07:00:00,6.42,6.5,6.4,6.43,1188790
2019-01-24 07:00:00,6.5,6.52,6.45,6.46,1224550
2019-01-25 07:00:00,6.46,6.65,6.46,6.62,2422010
2019-01-28 07:00:00,6.62,6.66,6.56,6.59,1266510
2019-01-29 07:00:00,6.61,6.62,6.54,6.62,1011500
2019-01-30 07:00:00,6.62,6.62,6.57,6.57,971710
2019-01-31 07:00:00,6.6,6.7,6.54,6.6,1569170
2019-02-01 07:00:00,6.55,6.62,6.55,6.6,985310
2019-02-11 07:00:00,6.65,6.8,6.62,6.8,1946520
2019-02-12 07:00:00,6.8,6.95,6.78,6.86,3517680
2019-02-13 07:00:00,6.89,6.95,6.86,6.88,2327970
2019-02-14 07:00:00,6.85,6.9,6.84,6.85,1420580
2019-02-15 07:00:00,6.83,6.86,6.76,6.79,1828720
2019-02-18 07:00:00,6.86,6.89,6.81,6.85,1754600
2019-02-19 07:00:00,6.85,6.99,6.85,6.89,3414120
2019-02-20 07:00:00,6.89,6.98,6.89,6.95,2300940
2019-02-21 07:00:00,6.96,7.05,6.95,7.05,2871900
2019-02-22 07:00:00,7.08,7.16,7.0,7.14,3132140
2019-02-25 07:00:00,7.21,7.28,7.19,7.23,3266350
2019-02-26 07:00:00,7.16,7.26,7.12,7.21,2864370
2019-02-27 07:00:00,7.21,7.23,7.14,7.14,1240270
2019-02-28 07:00:00,7.13,7.21,7.02,7.05,2286310
2019-03-01 07:00:00,7.05,7.13,7.05,7.13,1042520
2019-03-04 07:00:00,7.16,7.32,7.16,7.31,2304530
2019-03-05 07:00:00,7.28,7.36,7.21,7.28,1955980
2019-03-06 07:00:00,7.33,7.33,7.22,7.28,902140
2019-03-07 07:00:00,7.22,7.34,7.22,7.27,1901510
2019-03-08 07:00:00,7.21,7.26,7.18,7.19,1704440
2019-03-11 07:00:00,7.19,7.23,7.14,7.23,1189010
2019-03-12 07:00:00,7.31,7.31,7.18,7.28,1009700
2019-03-13 07:00:00,7.31,7.45,7.31,7.43,2652480
2019-03-14 07:00:00,7.46,7.48,7.37,7.45,1134420
2019-03-15 07:00:00,7.46,7.46,7.37,7.46,1536660
2019-03-18 07:00:00,7.47,7.47,7.34,7.38,1496440
2019-03-19 07:00:00,7.41,7.43,7.31,7.31,1181940
2019-03-20 07:00:00,7.31,7.31,7.14,7.22,1405780
2019-03-21 07:00:00,7.22,7.23,6.9,6.9,1717850
2019-03-22 07:00:00,6.98,7.07,6.93,6.95,1225180
2019-03-25 07:00:00,6.78,6.85,6.72,6.78,1384910
2019-03-26 07:00:00,6.85,6.9,6.81,6.85,658870
2019-03-27 07:00:00,6.95,6.95,6.84,6.85,789100
2019-03-28 07:00:00,6.85,6.88,6.81,6.84,627460
2019-03-29 07:00:00,6.9,6.92,6.84,6.88,1415600
2019-04-01 07:00:00,6.93,7.03,6.89,7.0,1008960
2019-04-02 07:00:00,7.08,7.09,6.93,7.0,611580
2019-04-03 07:00:00,6.95,6.98,6.92,6.92,504110
2019-04-04 07:00:00,6.9,6.99,6.9,6.9,722050
2019-04-05 07:00:00,6.9,6.96,6.9,6.95,682690
2019-04-08 07:00:00,6.96,7.03,6.95,7.03,1140070
2019-04-09 07:00:00,7.05,7.09,7.03,7.08,1916970
2019-04-10 07:00:00,6.95,7.05,6.93,6.94,815830
2019-04-11 07:00:00,6.95,6.98,6.89,6.89,644980
2019-04-12 07:00:00,6.89,6.89,6.83,6.83,821470
2019-04-16 07:00:00,6.81,6.81,6.72,6.76,1117270
2019-04-17 07:00:00,6.76,6.83,6.7,6.71,1175220
2019-04-18 07:00:00,6.7,6.72,6.54,6.57,1877990
2019-04-19 07:00:00,6.66,6.68,6.56,6.57,730360
2019-04-22 07:00:00,6.5,6.56,6.32,6.37,2123060
2019-04-23 07:00:00,6.37,6.41,6.33,6.36,1678660
2019-04-24 07:00:00,6.42,6.51,6.4,6.5,767360
2019-04-25 07:00:00,6.5,6.5,6.42,6.45,1250190
2019-04-26 07:00:00,6.47,6.52,6.41,6.52,1668760
2019-05-02 07:00:00,6.54,6.59,6.47,6.47,949610
2019-05-03 07:00:00,6.42,6.55,6.42,6.55,1073340
2019-05-06 07:00:00,6.45,6.45,6.31,6.37,2714370
2019-05-07 07:00:00,6.45,6.46,6.27,6.3,2487300
2019-05-08 07:00:00,6.24,6.33,6.18,6.24,1412270
2019-05-09 07:00:00,6.28,6.31,6.19,6.22,994490
2019-05-10 07:00:00,6.24,6.36,6.22,6.33,1243710
2019-05-13 07:00:00,6.35,6.38,6.32,6.37,833800
2019-05-14 07:00:00,6.32,6.36,6.28,6.33,2523900
2019-05-15 07:00:00,6.4,6.55,6.35,6.51,2845830
2019-05-16 07:00:00,6.51,6.55,6.46,6.46,1080440
2019-05-17 07:00:00,6.46,6.55,6.45,6.5,2158380
2019-05-20 07:00:00,6.51,6.61,6.48,6.6,2948390
2019-05-21 07:00:00,6.62,6.65,6.56,6.59,1681390
2019-05-22 07:00:00,6.59,6.64,6.56,6.59,1638520
2019-05-23 07:00:00,6.5,6.59,6.5,6.59,1205860
2019-05-24 07:00:00,6.55,6.56,6.43,6.46,2089530
2019-05-27 07:00:00,6.46,6.47,6.41,6.41,749890
2019-05-28 07:00:00,6.4,6.41,6.33,6.37,1306060
2019-05-29 07:00:00,6.37,6.4,6.31,6.33,846830
2019-05-30 07:00:00,6.33,6.41,6.28,6.35,775200
2019-05-31 07:00:00,6.35,6.37,6.28,6.28,991780
2019-06-03 07:00:00,6.24,6.28,6.21,6.26,1180930
2019-06-04 07:00:00,6.28,6.3,6.21,6.27,694920
2019-06-05 07:00:00,6.36,6.36,6.28,6.28,855950
2019-06-06 07:00:00,6.27,6.3,6.18,6.24,1213200
2019-06-07 07:00:00,6.3,6.33,6.3,6.33,636810
2019-06-10 07:00:00,6.36,6.41,6.35,6.37,930960
2019-06-11 07:00:00,6.37,6.38,6.35,6.37,540470
2019-06-12 07:00:00,6.37,6.37,6.27,6.28,534380
2019-06-13 07:00:00,6.24,6.3,6.23,6.27,659000
2019-06-14 07:00:00,6.27,6.33,6.27,6.27,394640
2019-06-17 07:00:00,6.24,6.3,6.22,6.22,601620
2019-06-18 07:00:00,6.22,6.24,6.18,6.18,913790
2019-06-19 07:00:00,6.27,6.28,6.22,6.27,657740
2019-06-20 07:00:00,6.28,6.38,6.27,6.35,1391800
2019-06-21 07:00:00,6.35,6.42,6.35,6.35,1781100
2019-06-24 07:00:00,6.37,6.38,6.24,6.3,1910480
2019-06-25 07:00:00,6.26,6.32,6.26,6.28,714250
2019-06-26 07:00:00,6.26,6.31,6.26,6.27,1087470
2019-06-27 07:00:00,6.24,6.27,6.19,6.22,1492290
2019-06-28 07:00:00,6.27,6.27,6.21,6.27,611860
2019-07-01 07:00:00,6.33,6.35,6.27,6.32,952870
2019-07-02 07:00:00,6.32,6.33,6.24,6.26,524290
2019-07-03 07:00:00,6.3,6.3,6.24,6.28,477000
2019-07-04 07:00:00,6.28,6.4,6.26,6.37,1885770
2019-07-05 07:00:00,6.45,6.45,6.37,6.41,1942740
2019-07-08 07:00:00,6.41,6.41,6.32,6.35,984550
2019-07-09 07:00:00,6.33,6.36,6.28,6.33,999090
2019-07-10 07:00:00,6.33,6.38,6.3,6.3,939180
2019-07-11 07:00:00,6.35,6.36,6.32,6.35,876130
2019-07-12 07:00:00,6.38,6.41,6.32,6.33,1156910
2019-07-15 07:00:00,6.38,6.33,6.3,6.32,763410
2019-07-16 07:00:00,6.31,6.35,6.31,6.32,882190
2019-07-17 07:00:00,6.35,6.55,6.32,6.52,3708060
2019-07-18 07:00:00,6.46,6.51,6.45,6.46,1284250
2019-07-19 07:00:00,6.48,6.52,6.46,6.47,1471210
2019-07-22 07:00:00,6.42,6.43,6.3,6.33,1822990
2019-07-23 07:00:00,6.37,6.38,6.32,6.35,813110
2019-07-24 07:00:00,6.38,6.38,6.23,6.24,1523410
2019-07-25 07:00:00,6.23,6.27,6.14,6.16,1758090
2019-07-26 07:00:00,6.16,6.21,6.11,6.17,952890
2019-07-29 07:00:00,6.18,6.19,6.09,6.09,598420
2019-07-30 07:00:00,6.09,6.16,5.9,5.9,1418550
2019-07-31 07:00:00,5.84,5.9,5.79,5.87,1509590
2019-08-01 07:00:00,5.87,5.93,5.84,5.89,437780
2019-08-02 07:00:00,5.82,5.88,5.76,5.83,933330
2019-08-05 07:00:00,5.82,5.83,5.64,5.64,1436440
2019-08-06 07:00:00,5.51,5.54,5.44,5.47,1915860
2019-08-07 07:00:00,5.51,5.56,5.35,5.36,1813960
2019-08-08 07:00:00,5.36,5.49,5.25,5.36,2568910
2019-08-09 07:00:00,5.47,5.61,5.44,5.56,2182560
2019-08-12 07:00:00,5.59,5.62,5.51,5.6,1074610
2019-08-13 07:00:00,5.5,5.52,5.46,5.52,1114110
2019-08-14 07:00:00,5.56,5.58,5.5,5.51,1374140
2019-08-15 07:00:00,5.44,5.52,5.34,5.52,2236500
2019-08-16 07:00:00,5.52,5.76,5.49,5.62,2483530
2019-08-19 07:00:00,5.7,5.7,5.56,5.61,848650
2019-08-20 07:00:00,5.61,5.66,5.58,5.59,1288750
2019-08-21 07:00:00,5.56,5.69,5.55,5.69,2260760
2019-08-22 07:00:00,5.7,5.73,5.64,5.66,986320
2019-08-23 07:00:00,5.66,5.66,5.59,5.64,866610
2019-08-26 07:00:00,5.44,5.54,5.44,5.46,1704370
2019-08-27 07:00:00,5.5,5.51,5.4,5.41,1251600
2019-08-28 07:00:00,5.41,5.45,5.38,5.4,491400
2019-08-29 07:00:00,5.38,5.41,5.34,5.35,822670
2019-08-30 07:00:00,5.38,5.45,5.38,5.44,713630
2019-09-03 07:00:00,5.4,5.44,5.35,5.42,544160
2019-09-04 07:00:00,5.4,5.41,5.35,5.41,622780
2019-09-05 07:00:00,5.44,5.45,5.36,5.38,733580
2019-09-06 07:00:00,5.34,5.4,5.34,5.34,472420
2019-09-09 07:00:00,5.31,5.34,5.26,5.28,864150
2019-09-10 07:00:00,5.36,5.36,5.23,5.23,1105140
2019-09-11 07:00:00,5.26,5.27,5.21,5.25,569010
2019-09-12 07:00:00,5.27,5.31,5.25,5.27,681850
2019-09-13 07:00:00,5.28,5.44,5.27,5.4,2871350
2019-09-16 07:00:00,5.44,5.5,5.42,5.42,2321920
2019-09-17 07:00:00,5.42,5.47,5.38,5.47,1290550
2019-09-18 07:00:00,5.5,5.54,5.45,5.46,2024510
2019-09-19 07:00:00,5.5,5.5,5.41,5.5,1475040
2019-09-20 07:00:00,5.51,5.51,5.4,5.42,3372950
2019-09-23 07:00:00,5.46,5.47,5.4,5.4,1513730
2019-09-24 07:00:00,5.4,5.55,5.38,5.47,2397510
2019-09-25 07:00:00,5.46,5.5,5.42,5.47,1466500
2019-09-26 07:00:00,5.51,5.73,5.51,5.73,6380250
2019-09-27 07:00:00,5.75,5.88,5.71,5.87,4052950
2019-09-30 07:00:00,5.9,5.92,5.8,5.82,2832330
2019-10-01 07:00:00,5.79,5.87,5.78,5.85,2998990
2019-10-02 07:00:00,5.84,5.99,5.82,5.92,3730500
2019-10-03 07:00:00,5.85,5.94,5.82,5.92,2017010
2019-10-04 07:00:00,6.02,6.02,5.7,5.7,3431800
2019-10-07 07:00:00,5.72,5.76,5.57,5.57,1748860
2019-10-08 07:00:00,5.56,5.69,5.56,5.65,1284020
2019-10-09 07:00:00,5.68,5.7,5.6,5.63,1626100
2019-10-10 07:00:00,5.63,5.68,5.61,5.63,1479760
2019-10-11 07:00:00,5.64,5.65,5.6,5.63,1868890
2019-10-14 07:00:00,5.68,5.78,5.68,5.74,2618430
2019-10-15 07:00:00,5.77,5.77,5.69,5.7,1175550
2019-10-16 07:00:00,5.73,5.73,5.68,5.69,1399280
2019-10-17 07:00:00,5.69,5.69,5.63,5.64,1092380
2019-10-18 07:00:00,5.63,5.68,5.57,5.57,1287590
2019-10-21 07:00:00,5.52,5.55,5.49,5.49,1386210
2019-10-22 07:00:00,5.52,5.53,5.45,5.52,1056960
2019-10-23 07:00:00,5.51,5.55,5.49,5.49,736320
2019-10-24 07:00:00,5.52,5.63,5.51,5.63,1454750
2019-10-25 07:00:00,5.63,5.66,5.61,5.63,1154870
2019-10-28 07:00:00,5.68,5.72,5.61,5.61,1507540
2019-10-29 07:00:00,5.61,5.65,5.59,5.59,1162360
2019-10-30 07:00:00,5.59,5.65,5.59,5.64,1056930
2019-10-31 07:00:00,5.65,5.66,5.55,5.64,1786810
2019-11-01 07:00:00,5.63,5.73,5.59,5.68,3104820
2019-11-04 07:00:00,5.7,5.77,5.69,5.74,3298180
2019-11-05 07:00:00,5.77,5.8,5.74,5.76,2130290
2019-11-06 07:00:00,5.76,5.77,5.72,5.73,1545130
2019-11-07 07:00:00,5.73,5.86,5.72,5.82,2939090
2019-11-08 07:00:00,5.88,5.89,5.8,5.82,2388020
2019-11-11 07:00:00,5.82,5.82,5.73,5.73,1804140
2019-11-12 07:00:00,5.73,5.78,5.72,5.72,1526400
2019-11-13 07:00:00,5.73,5.74,5.68,5.72,1294780
2019-11-14 07:00:00,5.7,5.73,5.63,5.66,1586090
2019-11-15 07:00:00,5.65,5.66,5.57,5.57,1624740
2019-11-18 07:00:00,5.59,5.6,5.53,5.55,1089630
2019-11-19 07:00:00,5.55,5.61,5.55,5.57,904070
2019-11-20 07:00:00,5.59,5.59,5.52,5.52,1248390
2019-11-21 07:00:00,5.52,5.52,5.39,5.39,2083430
2019-11-22 07:00:00,5.44,5.45,5.3,5.31,1895590
2019-11-25 07:00:00,5.34,5.36,5.3,5.35,954610
2019-11-26 07:00:00,5.36,5.39,5.28,5.28,1658300
2019-11-27 07:00:00,5.31,5.31,5.24,5.24,1816170
2019-11-28 07:00:00,5.26,5.28,5.22,5.24,1132110
2019-11-29 07:00:00,5.24,5.27,5.23,5.23,1003800
2019-12-02 07:00:00,5.23,5.27,5.15,5.15,1531820
2019-12-03 07:00:00,5.08,5.18,5.08,5.1,1208130
2019-12-04 07:00:00,5.11,5.23,5.1,5.23,1058620
2019-12-05 07:00:00,5.26,5.28,5.18,5.18,718100
2019-12-06 07:00:00,5.19,5.2,5.15,5.15,606440
2019-12-09 07:00:00,5.15,5.24,5.14,5.18,842290
2019-12-10 07:00:00,5.18,5.18,5.04,5.07,1237160
2019-12-11 07:00:00,5.06,5.1,4.95,5.02,1402910
2019-12-12 07:00:00,5.06,5.12,5.0,5.12,1480900
2019-12-13 07:00:00,5.15,5.16,5.07,5.07,1035860
2019-12-16 07:00:00,5.07,5.1,5.02,5.03,826290
2019-12-17 07:00:00,5.04,5.06,4.93,4.93,1565970
2019-12-18 07:00:00,4.95,4.98,4.86,4.86,1375490
2019-12-19 07:00:00,4.86,4.91,4.78,4.78,992680
2019-12-20 07:00:00,4.81,4.87,4.78,4.83,1297840
2019-12-23 07:00:00,4.83,4.89,4.83,4.85,1083840
2019-12-24 07:00:00,4.83,4.87,4.81,4.85,879570
2019-12-25 07:00:00,4.85,4.85,4.79,4.81,915210
2019-12-26 07:00:00,4.79,4.83,4.78,4.82,712470
2019-12-27 07:00:00,4.79,4.82,4.77,4.78,1253730
2019-12-30 07:00:00,4.83,4.87,4.78,4.79,1089430
2019-12-31 07:00:00,4.79,4.81,4.77,4.77,1060150
2020-01-02 07:00:00,4.78,4.86,4.77,4.86,991450
2020-01-03 07:00:00,4.89,4.91,4.79,4.82,703890
2020-01-06 07:00:00,4.79,4.83,4.77,4.81,1348120
2020-01-07 07:00:00,4.81,4.83,4.79,4.82,643090
2020-01-08 07:00:00,4.77,4.78,4.64,4.69,2622960
2020-01-09 07:00:00,4.74,4.77,4.71,4.74,1149130
2020-01-10 07:00:00,4.75,4.85,4.73,4.83,2067400
2020-01-13 07:00:00,4.81,4.89,4.81,4.83,1125380
2020-01-14 07:00:00,4.83,4.87,4.82,4.86,1066740
2020-01-15 07:00:00,4.87,4.87,4.83,4.86,830260
2020-01-16 07:00:00,4.86,5.04,4.86,5.04,2384770
2020-01-17 07:00:00,5.07,5.15,5.02,5.08,2832740
2020-01-20 07:00:00,5.08,5.08,5.02,5.08,1288010
2020-01-21 07:00:00,5.04,5.14,5.03,5.08,1541100
2020-01-22 07:00:00,5.08,5.12,5.06,5.1,1729500
2020-01-30 07:00:00,5.0,5.0,4.78,4.89,2412920
2020-01-31 07:00:00,4.78,4.83,4.56,4.68,4457280
2020-02-03 07:00:00,4.44,4.52,4.36,4.5,3144570
2020-02-04 07:00:00,4.52,4.56,4.44,4.49,1782240
2020-02-05 07:00:00,4.52,4.56,4.46,4.48,2164080
2020-02-06 07:00:00,4.49,4.68,4.46,4.68,2870780
2020-02-07 07:00:00,4.68,4.74,4.62,4.68,2561750
2020-02-10 07:00:00,4.54,4.65,4.44,4.64,775620
2020-02-11 07:00:00,4.64,4.65,4.6,4.61,1521880
2020-02-12 07:00:00,4.62,4.7,4.62,4.7,2789960
2020-02-13 07:00:00,4.65,4.68,4.64,4.65,1264660
2020-02-14 07:00:00,4.65,4.71,4.62,4.7,1102790
2020-02-17 07:00:00,4.7,4.74,4.66,4.66,1955060
2020-02-18 07:00:00,4.66,4.68,4.6,4.64,1478110
2020-02-19 07:00:00,4.65,4.66,4.61,4.65,1668460
2020-02-20 07:00:00,4.68,4.71,4.62,4.65,1664520
2020-02-21 07:00:00,4.65,4.66,4.61,4.61,1197860
2020-02-24 07:00:00,4.5,4.53,4.29,4.29,3482920
2020-02-25 07:00:00,4.19,4.34,4.19,4.33,1693240
2020-02-26 07:00:00,4.23,4.41,4.2,4.25,1038320
2020-02-27 07:00:00,4.23,4.36,4.21,4.36,1490420
2020-02-28 07:00:00,4.26,4.28,4.17,4.2,1987700
2020-03-02 07:00:00,4.24,4.25,4.16,4.17,2114140
2020-03-03 07:00:00,4.25,4.29,4.21,4.21,2088500
2020-03-04 07:00:00,4.23,4.34,4.2,4.29,2852970
2020-03-05 07:00:00,4.37,4.48,4.34,4.44,3298460
2020-03-06 07:00:00,4.42,4.42,4.34,4.41,1362870
2020-03-09 07:00:00,4.11,4.17,4.11,4.11,3576610
2020-03-10 07:00:00,3.94,4.13,3.94,4.11,3374030
2020-03-11 07:00:00,4.19,4.19,3.83,3.83,3614130
2020-03-12 07:00:00,3.64,3.7,3.57,3.58,4606030
2020-03-13 07:00:00,3.35,3.63,3.35,3.51,4484960
2020-03-16 07:00:00,3.57,3.59,3.49,3.51,2897920
2020-03-17 07:00:00,3.46,3.75,3.38,3.75,4834780
2020-03-18 07:00:00,3.8,3.8,3.59,3.62,3190370
2020-03-19 07:00:00,3.54,3.67,3.51,3.62,2568540
2020-03-20 07:00:00,3.7,3.71,3.59,3.66,2868770
2020-03-23 07:00:00,3.49,3.54,3.41,3.41,3296350
2020-03-24 07:00:00,3.42,3.43,3.22,3.3,3009990
2020-03-25 07:00:00,3.43,3.53,3.37,3.53,2376040
2020-03-26 07:00:00,3.49,3.5,3.41,3.42,1256940
2020-03-27 07:00:00,3.43,3.45,3.26,3.26,2469460
2020-03-30 07:00:00,3.14,3.14,3.04,3.04,2427550
2020-03-31 07:00:00,3.08,3.16,2.93,3.06,1680730
2020-04-01 07:00:00,3.06,3.28,3.06,3.28,3715270
2020-04-03 07:00:00,3.41,3.5,3.38,3.5,4544530
2020-04-06 07:00:00,3.68,3.74,3.64,3.74,5473010
2020-04-07 07:00:00,3.83,3.84,3.7,3.74,6377610
2020-04-08 07:00:00,3.67,3.83,3.59,3.79,4091610
2020-04-09 07:00:00,3.97,4.04,3.96,4.04,5507100
2020-04-10 07:00:00,4.07,4.16,3.97,4.07,3233820
2020-04-13 07:00:00,4.02,4.1,3.97,4.02,3573400
2020-04-14 07:00:00,3.99,4.04,3.9,4.04,3902110
2020-04-15 07:00:00,4.07,4.11,4.04,4.08,3075990
2020-04-16 07:00:00,4.04,4.14,4.0,4.08,2603060
2020-04-17 07:00:00,4.13,4.22,4.11,4.16,3936040
2020-04-20 07:00:00,4.17,4.22,4.11,4.19,3326260
2020-04-21 07:00:00,4.07,4.11,3.9,3.93,4437860
2020-04-22 07:00:00,3.82,4.11,3.82,4.07,3435210
2020-04-23 07:00:00,4.13,4.22,4.07,4.07,2594810
2020-04-24 07:00:00,4.05,4.08,3.99,4.05,1507530
2020-04-27 07:00:00,4.08,4.08,3.99,4.0,2112890
2020-04-28 07:00:00,4.0,4.0,3.91,3.96,2587110
2020-04-29 07:00:00,3.97,4.0,3.94,3.97,1454150
2020-05-04 07:00:00,3.94,3.97,3.88,3.88,2180310
2020-05-05 07:00:00,3.88,3.94,3.85,3.87,1667710
2020-05-06 07:00:00,3.9,3.97,3.88,3.96,1675700
2020-05-07 07:00:00,3.96,4.04,3.94,4.04,2332040
2020-05-08 07:00:00,4.04,4.22,4.04,4.13,7919390
2020-05-11 07:00:00,4.32,4.32,4.17,4.32,6209600
2020-05-12 07:00:00,4.28,4.39,4.22,4.34,3956090
2020-05-13 07:00:00,4.28,4.37,4.19,4.29,5490540
2020-05-14 07:00:00,4.23,4.48,4.23,4.36,5857120
2020-05-15 07:00:00,4.39,4.42,4.25,4.26,3732360
2020-05-18 07:00:00,4.26,4.34,4.23,4.32,2313840
2020-05-19 07:00:00,4.43,4.46,4.34,4.37,6873020
2020-05-20 07:00:00,4.36,4.4,4.34,4.37,2577550
2020-05-21 07:00:00,4.42,4.43,4.34,4.39,3314490
2020-05-22 07:00:00,4.34,4.49,4.31,4.37,7455010
2020-05-25 07:00:00,4.4,4.46,4.37,4.45,6022830
2020-05-26 07:00:00,4.49,4.71,4.48,4.69,8120570
2020-05-27 07:00:00,4.74,4.75,4.55,4.55,7938010
2020-05-28 07:00:00,4.55,4.62,4.52,4.54,4876490
2020-05-29 07:00:00,4.52,4.55,4.48,4.52,3573780
2020-06-01 07:00:00,4.55,4.68,4.54,4.65,4455460
2020-06-02 07:00:00,4.68,4.69,4.58,4.6,6106810
2020-06-03 07:00:00,4.62,4.65,4.58,4.65,3251400
2020-06-04 07:00:00,4.72,4.88,4.72,4.8,9360040
2020-06-05 07:00:00,4.8,4.83,4.74,4.8,5731890
2020-06-08 07:00:00,4.95,4.95,4.86,4.91,5993130
2020-06-09 07:00:00,4.98,4.98,4.83,4.84,6435790
2020-06-10 07:00:00,4.81,4.92,4.71,4.89,6544090
2020-06-11 07:00:00,4.89,4.95,4.55,4.55,9349070
2020-06-12 07:00:00,4.46,4.74,4.37,4.74,7587730
2020-06-15 07:00:00,4.74,4.75,4.42,4.42,7253720
2020-06-16 07:00:00,4.58,4.66,4.51,4.65,5005720
2020-06-17 07:00:00,4.63,4.66,4.54,4.58,2911920
2020-06-18 07:00:00,4.49,4.58,4.49,4.58,1838500
2020-06-19 07:00:00,4.58,4.68,4.55,4.68,4986110
2020-06-22 07:00:00,4.68,4.74,4.57,4.65,3766890
2020-06-23 07:00:00,4.72,4.97,4.72,4.92,14025040
2020-06-24 07:00:00,4.92,5.0,4.8,4.81,5975970
2020-06-25 07:00:00,4.78,4.84,4.71,4.83,3914840
2020-06-26 07:00:00,4.86,4.95,4.72,4.74,4919890
2020-06-29 07:00:00,4.74,4.74,4.48,4.52,7502050
2020-06-30 07:00:00,4.65,4.66,4.42,4.52,3781930
2020-07-01 07:00:00,4.57,4.71,4.51,4.68,3435740
2020-07-02 07:00:00,4.68,4.68,4.6,4.63,2325600
2020-07-03 07:00:00,4.68,4.68,4.62,4.63,2288480
2020-07-06 07:00:00,4.68,4.77,4.63,4.77,3984350
2020-07-07 07:00:00,4.8,4.84,4.74,4.75,4850680
2020-07-08 07:00:00,4.74,4.8,4.69,4.8,2493090
2020-07-09 07:00:00,4.86,4.89,4.8,4.84,4876340
2020-07-10 07:00:00,4.81,4.94,4.81,4.88,9082870
2020-07-13 07:00:00,4.95,4.97,4.84,4.88,5298630
2020-07-14 07:00:00,4.86,5.1,4.86,5.1,9138070
2020-07-15 07:00:00,5.14,5.14,5.04,5.06,4340580
2020-07-16 07:00:00,5.07,5.1,5.04,5.07,3531900
2020-07-17 07:00:00,5.06,5.18,5.04,5.1,6824380
2020-07-20 07:00:00,5.2,5.2,5.02,5.02,6438130
2020-07-21 07:00:00,5.09,5.1,4.91,4.96,6953920
2020-07-22 07:00:00,5.01,5.02,4.89,4.89,3959010
2020-07-23 07:00:00,4.91,4.93,4.83,4.84,4378660
2020-07-24 07:00:00,4.83,4.84,4.54,4.65,9774930
2020-07-27 07:00:00,4.39,4.55,4.32,4.32,8310880
2020-07-28 07:00:00,4.49,4.62,4.34,4.62,6648230
2020-07-29 07:00:00,4.55,4.55,4.31,4.4,6325100
2020-07-30 07:00:00,4.42,4.52,4.42,4.47,2699550
2020-07-31 07:00:00,4.36,4.49,4.34,4.4,2832300
2020-08-03 07:00:00,4.39,4.62,4.39,4.58,5017010
2020-08-04 07:00:00,4.66,4.7,4.57,4.66,4642760
2020-08-05 07:00:00,4.62,4.78,4.6,4.71,4672060
2020-08-06 07:00:00,4.7,4.73,4.65,4.66,4168520
2020-08-07 07:00:00,4.66,4.7,4.62,4.63,2562160
2020-08-10 07:00:00,4.71,4.75,4.68,4.68,3288010
2020-08-11 07:00:00,4.73,4.8,4.68,4.78,5313900
2020-08-12 07:00:00,4.8,4.81,4.71,4.76,2877790
2020-08-13 07:00:00,4.78,4.84,4.75,4.83,3734680
2020-08-14 07:00:00,4.81,4.84,4.7,4.75,4301340
2020-08-17 07:00:00,4.75,4.75,4.63,4.71,3811840
2020-08-18 07:00:00,4.71,4.75,4.66,4.68,1931160
2020-08-19 07:00:00,4.66,4.75,4.66,4.73,2670190
2020-08-20 07:00:00,4.73,4.75,4.66,4.66,2703510
2020-08-21 07:00:00,4.7,4.78,4.66,4.78,3758250
2020-08-24 07:00:00,4.83,4.91,4.8,4.88,7044900
2020-08-25 07:00:00,4.93,4.96,4.86,4.88,4611300
2020-08-26 07:00:00,4.89,4.94,4.86,4.89,5419820
2020-08-27 07:00:00,4.89,4.93,4.86,4.91,3711300
2020-08-28 07:00:00,4.96,5.01,4.91,4.91,5869960
2020-08-31 07:00:00,4.93,4.96,4.83,4.84,3994730
2020-09-01 07:00:00,4.83,4.91,4.81,4.91,3449300
2020-09-03 07:00:00,4.99,4.99,4.91,4.96,4876180
2020-09-04 07:00:00,4.88,5.1,4.83,5.01,9713580
2020-09-07 07:00:00,5.04,5.15,4.97,4.99,9582630
2020-09-08 07:00:00,5.02,5.14,4.97,5.14,6831470
2020-09-09 07:00:00,5.04,5.17,5.02,5.15,7044490
2020-09-10 07:00:00,5.19,5.25,5.15,5.15,8787650
2020-09-11 07:00:00,5.15,5.19,5.1,5.12,4402790
2020-09-14 07:00:00,5.15,5.17,5.09,5.12,4644580
2020-09-15 07:00:00,5.14,5.25,5.12,5.14,7005050
2020-09-16 07:00:00,5.14,5.23,5.14,5.17,3807390
2020-09-17 07:00:00,5.19,5.22,5.14,5.2,6000380
2020-09-18 07:00:00,5.2,5.35,5.19,5.3,7903190
2020-09-21 07:00:00,5.35,5.45,5.32,5.36,8122870
2020-09-22 07:00:00,5.32,5.4,5.32,5.38,6821140
2020-09-23 07:00:00,5.38,5.46,5.38,5.43,5699700
2020-09-24 07:00:00,5.4,5.46,5.36,5.38,4564860
2020-09-25 07:00:00,5.4,5.41,5.28,5.35,7290520
2020-09-28 07:00:00,5.38,5.51,5.38,5.49,5215260
2020-09-29 07:00:00,5.56,5.58,5.43,5.45,6122220
2020-09-30 07:00:00,5.45,5.53,5.4,5.51,4432160
2020-10-01 07:00:00,5.56,5.85,5.53,5.79,10321030
2020-10-02 07:00:00,5.82,5.87,5.53,5.77,10961430
2020-10-05 07:00:00,5.87,5.95,5.79,5.93,6672820
2020-10-06 07:00:00,5.93,5.97,5.84,5.9,5228170
2020-10-07 07:00:00,5.85,5.9,5.79,5.8,5770720
2020-10-08 07:00:00,5.85,5.87,5.72,5.8,4663470
2020-10-09 07:00:00,5.85,5.93,5.8,5.85,3870610
2020-10-12 07:00:00,5.92,5.92,5.77,5.8,4849320
2020-10-13 07:00:00,5.8,5.84,5.71,5.71,4374250
2020-10-14 07:00:00,5.72,5.88,5.67,5.88,5379490
2020-10-15 07:00:00,5.95,5.97,5.87,5.9,4732880
2020-10-16 07:00:00,5.88,5.95,5.84,5.9,4444100
2020-10-19 07:00:00,5.95,6.08,5.9,5.97,9462400
2020-10-20 07:00:00,5.97,5.97,5.82,5.92,4191320
2020-10-21 07:00:00,5.92,5.95,5.76,5.76,7065620
2020-10-22 07:00:00,5.71,5.85,5.66,5.85,6686080
2020-10-23 07:00:00,5.88,5.9,5.76,5.82,4370330
2020-10-26 07:00:00,5.82,5.88,5.72,5.72,4731880
2020-10-27 07:00:00,5.69,5.74,5.59,5.59,5449930
2020-10-28 07:00:00,5.56,5.61,5.36,5.43,5918990
2020-10-29 07:00:00,5.36,5.56,5.35,5.56,4799470
2020-10-30 07:00:00,5.56,5.58,5.43,5.56,3028990
2020-11-02 07:00:00,5.56,5.58,5.49,5.58,1678320
2020-11-03 07:00:00,5.61,5.66,5.59,5.64,3118820
2020-11-04 07:00:00,5.66,5.71,5.61,5.69,4575940
2020-11-05 07:00:00,5.66,5.71,5.61,5.61,2486250
2020-11-06 07:00:00,5.61,5.64,5.54,5.58,1527160
2020-11-09 07:00:00,5.61,5.72,5.61,5.69,3963600
2020-11-10 07:00:00,5.77,5.87,5.72,5.76,8816320
2020-11-11 07:00:00,5.79,5.82,5.69,5.69,4848370
2020-11-12 07:00:00,5.72,5.76,5.67,5.69,3643040
2020-11-13 07:00:00,5.72,5.79,5.67,5.79,4197980
2020-11-16 07:00:00,5.85,5.88,5.76,5.76,6268580
2020-11-17 07:00:00,5.8,5.93,5.74,5.93,8582800
2020-11-18 07:00:00,5.95,6.05,5.92,5.98,7510860
2020-11-19 07:00:00,6.03,6.05,5.95,6.0,5201760
2020-11-20 07:00:00,6.0,6.02,5.88,5.92,6053890
2020-11-23 07:00:00,5.92,6.1,5.87,6.08,9362300
2020-11-24 07:00:00,6.11,6.21,6.05,6.16,10946270
2020-11-25 07:00:00,6.18,6.28,6.16,6.24,8630730
2020-11-26 07:00:00,6.23,6.28,6.13,6.23,5344370
2020-11-27 07:00:00,6.23,6.31,6.23,6.29,4608770
2020-11-30 07:00:00,6.31,6.37,6.24,6.26,6728330
2020-12-01 07:00:00,6.11,6.31,6.11,6.31,8794040
2020-12-02 07:00:00,6.31,6.45,6.29,6.4,7098230
2020-12-03 07:00:00,6.47,6.63,6.44,6.57,8053380
2020-12-04 07:00:00,6.57,6.6,6.5,6.52,6343360
2020-12-07 07:00:00,6.62,6.7,6.58,6.68,7082510
2020-12-08 07:00:00,6.71,7.14,6.71,7.12,11532900
2020-12-09 07:00:00,7.22,7.54,7.22,7.38,13762100
2020-12-10 07:00:00,7.38,7.56,7.28,7.41,9858070
2020-12-11 07:00:00,7.41,7.66,7.33,7.66,9023250
2020-12-14 07:00:00,7.84,8.18,7.8,8.18,11829490
2020-12-15 07:00:00,8.06,8.49,8.06,8.29,15342550
2020-12-16 07:00:00,8.32,8.39,8.13,8.14,14443400
2020-12-17 07:00:00,8.06,8.32,8.0,8.14,13209050
2020-12-18 07:00:00,8.26,8.71,8.18,8.71,14808270
2020-12-21 07:00:00,8.91,9.32,8.84,9.32,14052330
2020-12-22 07:00:00,9.43,9.74,9.25,9.62,12607350
2020-12-23 07:00:00,9.54,9.56,9.27,9.36,13975960
2020-12-24 07:00:00,9.33,9.36,8.71,9.22,15882040
2020-12-25 07:00:00,9.1,9.85,8.99,9.85,16010740
2020-12-28 07:00:00,10.31,10.48,10.11,10.4,12578470
2020-12-29 07:00:00,10.24,10.45,10.11,10.31,11912020
2020-12-30 07:00:00,10.21,10.39,10.08,10.24,10530310
2020-12-31 07:00:00,10.24,10.88,10.22,10.76,9645420
2021-01-04 07:00:00,11.22,11.25,10.99,10.99,9011500
2021-01-05 07:00:00,10.81,11.09,10.76,10.97,8624800
2021-01-06 07:00:00,11.12,11.36,10.73,11.05,10370000
2021-01-07 07:00:00,11.22,11.25,10.91,11.18,13783700
2021-01-08 07:00:00,11.35,11.35,10.91,11.1,11401100
2021-01-11 07:00:00,11.09,11.12,10.74,10.91,13473300
2021-01-12 07:00:00,10.79,11.22,10.57,11.09,16390400
2021-01-13 07:00:00,11.22,11.22,10.86,10.89,9755200
2021-01-14 07:00:00,10.89,11.64,10.73,11.49,22844000
2021-01-15 07:00:00,11.64,12.11,11.52,12.01,14649600
2021-01-18 07:00:00,12.01,12.01,11.72,11.8,11612500
2021-01-19 07:00:00,11.64,11.82,10.99,10.99,19694000
2021-01-20 07:00:00,11.12,11.22,10.26,10.83,14483300
2021-01-21 07:00:00,10.86,11.38,10.73,11.23,13084500
2021-01-22 07:00:00,11.15,11.28,10.86,10.97,11501200
2021-01-25 07:00:00,10.79,11.23,10.7,10.96,12151400
2021-01-26 07:00:00,10.88,10.92,10.27,10.4,10631800
2021-01-27 07:00:00,10.11,10.4,9.69,9.69,14058600
2021-01-28 07:00:00,9.02,9.18,9.02,9.02,18067700
2021-01-29 07:00:00,8.45,9.64,8.45,9.36,14006900
2021-02-01 07:00:00,9.33,9.59,8.71,8.71,15664500
2021-02-02 07:00:00,8.68,9.1,8.36,9.04,11603300
2021-02-03 07:00:00,9.27,9.66,9.1,9.66,14370500
2021-02-04 07:00:00,9.66,9.95,9.49,9.66,12070400
2021-02-05 07:00:00,9.69,10.24,9.67,10.24,12415200
2021-02-08 07:00:00,10.34,10.65,9.62,9.95,21430000
2021-02-09 07:00:00,10.01,10.37,9.62,10.32,15890800
2021-02-17 07:00:00,10.57,10.92,10.47,10.91,11244000
2021-02-18 07:00:00,10.89,10.97,10.65,10.83,14644800
2021-02-19 07:00:00,10.63,10.92,10.63,10.78,11921100
2021-02-22 07:00:00,10.78,10.97,10.63,10.68,13412000
2021-02-23 07:00:00,10.71,11.04,10.62,10.92,15568700
2021-02-24 07:00:00,11.15,11.2,10.73,10.88,14635500
2021-02-25 07:00:00,10.96,10.97,10.7,10.88,11141000
2021-02-26 07:00:00,10.63,10.86,10.6,10.79,13946600
2021-03-01 07:00:00,10.92,11.41,10.83,11.38,19294900
2021-03-02 07:00:00,11.54,11.54,11.26,11.4,12530900
2021-03-03 07:00:00,11.3,11.41,11.25,11.33,9827100
2021-03-04 07:00:00,11.36,11.36,10.73,10.88,15631000
2021-03-05 07:00:00,10.73,10.88,10.57,10.88,14142300
2021-03-08 07:00:00,11.1,11.2,10.84,10.91,10821800
2021-03-09 07:00:00,10.83,10.91,10.65,10.74,10483300
2021-03-10 07:00:00,10.66,10.81,10.5,10.76,10935600
2021-03-11 07:00:00,10.92,11.15,10.83,11.04,10817400
2021-03-12 07:00:00,11.04,11.09,10.86,10.89,6189600
2021-03-15 07:00:00,10.89,10.96,10.79,10.79,7094400
2021-03-16 07:00:00,10.79,10.79,10.53,10.63,12975900
2021-03-17 07:00:00,10.55,10.7,10.52,10.6,7522500
2021-03-18 07:00:00,10.79,10.89,10.73,10.83,7073300
2021-03-19 07:00:00,10.76,11.05,10.76,10.83,11156300
2021-03-22 07:00:00,10.92,10.97,10.79,10.86,7606900
2021-03-23 07:00:00,10.86,10.86,10.58,10.7,8829200
2021-03-24 07:00:00,10.5,10.65,10.08,10.18,13279700
2021-03-25 07:00:00,10.24,10.32,9.98,10.01,13265200
2021-03-26 07:00:00,9.96,10.11,9.56,10.05,10140300
2021-03-29 07:00:00,10.18,10.22,10.08,10.21,5694300
2021-03-30 07:00:00,10.37,10.37,10.14,10.34,7282100
2021-03-31 07:00:00,10.31,10.45,10.29,10.32,7641900
2021-04-01 07:00:00,10.34,11.04,10.32,11.04,21897600
2021-04-02 07:00:00,11.35,11.36,11.07,11.15,13802300
2021-04-05 07:00:00,11.38,11.54,11.18,11.38,18659500
2021-04-06 07:00:00,11.22,11.48,11.22,11.38,15886800
2021-04-07 07:00:00,11.38,11.54,11.31,11.49,13001600
2021-04-08 07:00:00,11.61,11.61,11.36,11.44,10999100
2021-04-09 07:00:00,11.41,11.61,11.38,11.46,11376200
2021-04-12 07:00:00,11.57,11.98,11.44,11.87,16962300
2021-04-13 07:00:00,12.0,12.0,11.43,11.57,17662700
2021-04-14 07:00:00,11.44,11.77,11.38,11.69,16502500
2021-04-15 07:00:00,11.69,11.69,11.28,11.33,18715900
2021-04-16 07:00:00,11.26,11.4,10.83,11.05,18210800
2021-04-19 07:00:00,11.22,11.31,10.99,11.31,11875700
2021-04-20 07:00:00,11.54,11.56,11.02,11.09,14901200
2021-04-22 07:00:00,10.92,11.05,10.32,10.32,14783000
2021-04-23 07:00:00,10.4,10.73,10.26,10.73,14676900
2021-04-26 07:00:00,10.73,10.76,10.27,10.31,9931300
2021-04-27 07:00:00,10.31,10.4,10.13,10.34,5350000
2021-04-28 07:00:00,10.34,10.58,10.31,10.44,8752800
2021-04-29 07:00:00,10.44,10.73,10.44,10.6,9170100
2021-05-04 07:00:00,10.34,10.7,10.27,10.7,9998200
2021-05-05 07:00:00,10.76,11.12,10.71,10.92,12386200
2021-05-06 07:00:00,10.89,11.04,10.65,10.68,10716100
2021-05-07 07:00:00,10.57,10.89,10.53,10.63,9370400
2021-05-10 07:00:00,10.57,11.35,10.5,11.28,22718700
2021-05-11 07:00:00,11.38,11.48,11.12,11.12,16042700
2021-05-12 07:00:00,11.05,11.33,11.05,11.31,10131500
2021-05-13 07:00:00,11.18,11.75,11.18,11.4,20974300
2021-05-14 07:00:00,11.49,11.67,11.4,11.48,13050200
2021-05-17 07:00:00,11.7,11.8,11.48,11.52,16948500
2021-05-18 07:00:00,11.51,11.67,11.35,11.46,11559500
2021-05-19 07:00:00,11.46,11.77,11.38,11.7,16376200
2021-05-20 07:00:00,11.75,12.52,11.7,12.52,28128900
2021-05-21 07:00:00,12.68,13.1,12.52,12.68,15936600
2021-05-24 07:00:00,12.74,12.96,12.55,12.94,16564900
2021-05-25 07:00:00,12.94,13.33,12.84,13.3,14778500
2021-05-26 07:00:00,13.26,13.56,13.17,13.31,13254600
2021-05-27 07:00:00,13.31,13.36,12.68,12.88,16156700
2021-05-28 07:00:00,12.97,13.62,12.84,13.59,17028000
2021-05-31 07:00:00,13.78,14.47,13.66,14.44,12192900
2021-06-01 07:00:00,14.63,14.73,14.08,14.21,12399700
2021-06-02 07:00:00,13.98,14.96,13.98,14.96,16616900
2021-06-03 07:00:00,15.51,16.0,15.28,15.9,14693000
2021-06-04 07:00:00,15.87,16.26,15.61,15.85,15977800
2021-06-07 07:00:00,15.67,16.03,14.79,15.33,23994300
2021-06-08 07:00:00,15.28,15.57,14.3,14.3,19617700
2021-06-09 07:00:00,14.5,15.3,13.98,15.18,21306400
2021-06-10 07:00:00,15.18,15.52,15.12,15.28,14900900
2021-06-11 07:00:00,15.12,16.32,15.08,16.29,22212500
2021-06-14 07:00:00,16.42,17.43,16.26,17.23,18579800
2021-06-15 07:00:00,17.23,17.73,17.07,17.23,14842900
2021-06-16 07:00:00,16.83,17.13,16.22,16.37,22090600
2021-06-17 07:00:00,15.94,17.03,15.94,16.73,10762100
2021-06-18 07:00:00,17.07,17.07,16.6,16.73,7798000
2021-06-21 07:00:00,16.6,16.73,16.2,16.24,12541700
2021-06-22 07:00:00,16.54,16.54,16.27,16.4,9039100
2021-06-23 07:00:00,16.4,16.83,16.3,16.54,9637700
2021-06-24 07:00:00,16.57,16.73,16.47,16.64,7398300
2021-06-25 07:00:00,16.73,17.8,16.7,17.8,23685000
2021-06-28 07:00:00,18.16,18.16,17.63,17.86,9639500
2021-06-29 07:00:00,17.86,18.49,17.76,18.09,10429100
2021-06-30 07:00:00,17.93,18.32,17.89,18.23,11623300
2021-07-01 07:00:00,18.56,19.29,18.36,19.05,13724500
2021-07-02 07:00:00,19.19,19.55,18.89,19.19,12668600
2021-07-05 07:00:00,18.99,19.09,18.16,18.72,18789800
2021-07-06 07:00:00,18.72,19.15,17.43,17.43,13319200
2021-07-07 07:00:00,17.56,18.06,16.73,18.06,18452600
2021-07-08 07:00:00,18.16,18.39,17.73,18.03,10311700
2021-07-09 07:00:00,17.8,18.23,17.26,17.43,13645400
2021-07-12 07:00:00,17.07,17.4,16.22,16.4,23911200
2021-07-13 07:00:00,16.7,17.16,16.32,17.16,12467000
2021-07-14 07:00:00,17.16,17.26,16.25,16.9,12030700
2021-07-15 07:00:00,16.57,17.8,16.57,17.8,13611900
2021-07-16 07:00:00,17.8,17.86,17.46,17.5,10805600
2021-07-19 07:00:00,16.9,17.16,16.34,16.34,16575100
2021-07-20 07:00:00,16.6,17.46,16.17,17.46,15305500
2021-07-21 07:00:00,17.43,17.56,17.03,17.07,9507600
2021-07-22 07:00:00,16.97,17.56,16.93,17.3,10004900
2021-07-23 07:00:00,17.16,17.36,16.77,16.77,12283900
2021-07-26 07:00:00,16.77,17.1,16.57,16.83,9710400
2021-07-27 07:00:00,17.16,17.7,17.1,17.23,14778900
2021-07-28 07:00:00,17.2,17.56,17.16,17.36,7034200
2021-07-29 07:00:00,17.56,17.89,17.46,17.89,12969400
2021-07-30 07:00:00,17.89,18.23,17.76,18.09,15168400
2021-08-02 07:00:00,17.93,18.42,17.89,18.23,15405800
2021-08-03 07:00:00,18.16,18.72,18.06,18.72,18144400
2021-08-04 07:00:00,18.99,18.99,18.62,18.82,11942000
2021-08-05 07:00:00,18.66,19.15,18.59,19.05,12213800
2021-08-06 07:00:00,18.95,19.12,18.69,18.69,16432800
2021-08-09 07:00:00,18.59,19.95,18.59,19.65,22821200
2021-08-10 07:00:00,19.95,19.98,19.55,19.68,12566600
2021-08-11 07:00:00,19.78,19.82,19.12,19.12,17689000
2021-08-12 07:00:00,19.02,19.52,19.02,19.12,13641400
2021-08-13 07:00:00,19.22,19.78,19.12,19.55,21481600
2021-08-16 07:00:00,20.31,20.71,20.18,20.58,16930200
2021-08-17 07:00:00,20.48,20.61,20.15,20.31,12968000
2021-08-18 07:00:00,20.18,20.71,19.95,19.95,17610600
2021-08-19 07:00:00,20.18,20.84,20.15,20.78,15710800
2021-08-20 07:00:00,20.78,21.04,20.11,20.71,26611200
2021-08-23 07:00:00,20.71,21.01,20.48,21.01,14406400
2021-08-24 07:00:00,20.88,21.08,19.78,20.28,23297300
2021-08-25 07:00:00,20.28,20.54,20.02,20.54,11074200
2021-08-26 07:00:00,20.54,20.64,19.78,20.25,12231000
2021-08-27 07:00:00,19.95,20.35,19.82,20.28,10605600
2021-08-30 07:00:00,20.41,20.71,20.11,20.68,12314000
2021-08-31 07:00:00,20.84,20.94,20.21,20.48,9650100
2021-09-01 07:00:00,20.31,20.54,20.18,20.28,9400800
2021-09-06 07:00:00,20.35,20.44,19.88,19.88,17069400
2021-09-07 07:00:00,20.05,20.35,19.82,20.02,24553700
2021-09-08 07:00:00,21.39,21.39,21.3,21.39,14560700
2021-09-09 07:00:00,21.46,21.9,21.15,21.25,20144300
2021-09-10 07:00:00,21.27,21.42,21.08,21.18,10409900
2021-09-13 07:00:00,21.18,21.18,20.64,21.08,12043700
2021-09-14 07:00:00,20.84,20.93,20.55,20.55,8359100
2021-09-15 07:00:00,20.3,20.86,20.26,20.74,7744800
2021-09-16 07:00:00,20.81,20.88,20.47,20.55,4853700
2021-09-17 07:00:00,20.57,21.25,20.45,20.79,14047100
2021-09-20 07:00:00,21.13,21.15,20.67,20.69,7586000
2021-09-21 07:00:00,20.55,20.64,20.21,20.35,9068100
2021-09-22 07:00:00,20.47,20.5,20.14,20.21,6579500
2021-09-23 07:00:00,20.3,20.64,20.21,20.26,5774900
2021-09-24 07:00:00,20.3,20.45,20.18,20.21,5155100
2021-09-27 07:00:00,20.21,20.28,19.34,19.34,10914300
2021-09-28 07:00:00,19.34,19.77,19.24,19.63,6877900
2021-09-29 07:00:00,19.58,19.6,19.24,19.39,5520900
2021-09-30 07:00:00,19.48,19.68,19.39,19.65,4365600
2021-10-01 07:00:00,19.43,19.53,18.95,18.95,10729800
2021-10-04 07:00:00,18.85,18.9,18.3,18.66,10207600
2021-10-05 07:00:00,19.07,19.68,18.95,19.53,9677500
2021-10-06 07:00:00,19.68,19.7,19.29,19.31,7264600
2021-10-07 07:00:00,19.34,19.8,19.22,19.68,8504400
2021-10-08 07:00:00,19.68,19.92,19.58,19.75,6802700
2021-10-11 07:00:00,19.82,20.26,19.82,20.26,8232600
2021-10-12 07:00:00,20.26,20.38,20.02,20.02,7551900
2021-10-13 07:00:00,20.02,20.18,19.82,19.82,7219600
2021-10-14 07:00:00,19.82,20.11,19.65,19.82,10561900
2021-10-15 07:00:00,19.92,20.02,19.68,19.7,6386300
2021-10-18 07:00:00,19.7,20.11,19.46,19.75,11323100
2021-10-19 07:00:00,19.82,20.16,19.73,19.77,8862700
2021-10-20 07:00:00,19.77,19.8,19.29,19.48,13477800
2021-10-21 07:00:00,19.53,19.56,19.19,19.19,10218000
2021-10-22 07:00:00,19.19,19.31,18.88,18.95,11207400
2021-10-25 07:00:00,18.85,18.9,18.42,18.52,15456100
2021-10-26 07:00:00,18.52,18.78,18.37,18.76,8808900
2021-10-27 07:00:00,18.85,19.58,18.81,19.53,12399100
2021-10-28 07:00:00,19.58,20.02,19.46,19.73,12968500
2021-10-29 07:00:00,19.75,19.82,19.43,19.58,11708600
2021-11-01 07:00:00,19.63,20.21,19.58,20.02,23755600
2021-11-02 07:00:00,20.06,20.55,20.02,20.47,18597700
2021-11-03 07:00:00,20.67,20.72,20.02,20.16,18570100
2021-11-04 07:00:00,20.21,21.22,20.16,20.79,24896200
2021-11-05 07:00:00,20.93,20.98,20.69,20.74,14206300
2021-11-08 07:00:00,20.93,21.73,20.84,21.51,31640500
2021-11-09 07:00:00,21.51,21.66,21.18,21.42,16144000
2021-11-10 07:00:00,21.51,22.09,21.42,21.61,19738700
2021-11-11 07:00:00,21.63,22.0,20.91,21.34,24636000
2021-11-12 07:00:00,21.46,21.85,21.3,21.56,12313600
2021-11-15 07:00:00,22.0,22.62,21.8,22.14,28456000
2021-11-16 07:00:00,21.85,22.17,21.51,21.63,16351800
2021-11-17 07:00:00,21.66,22.36,21.56,22.17,19988000
2021-11-18 07:00:00,23.4,23.71,22.72,23.71,40958900
2021-11-19 07:00:00,24.17,24.56,22.09,23.45,31044500
2021-11-22 07:00:00,23.45,24.12,23.16,23.5,20365200
2021-11-23 07:00:00,23.35,25.14,23.16,25.14,37416800
2021-11-24 07:00:00,25.62,26.3,25.48,25.72,23397200
2021-11-25 07:00:00,25.77,26.83,25.53,26.59,25420300
2021-11-26 07:00:00,26.44,26.78,25.62,25.86,30833000
2021-11-29 07:00:00,25.38,26.78,25.38,26.74,29749300
2021-11-30 07:00:00,27.46,27.9,26.59,27.02,23961600
2021-12-01 07:00:00,26.83,27.17,26.15,26.69,23255800
2021-12-02 07:00:00,26.59,26.98,26.11,26.11,21243400
2021-12-03 07:00:00,26.15,26.3,24.41,24.41,44930900
2021-12-06 07:00:00,24.46,25.28,23.69,24.66,31273800
2021-12-07 07:00:00,25.14,25.38,24.56,25.24,15874100
2021-12-08 07:00:00,25.38,25.57,25.04,25.04,13008700
2021-12-09 07:00:00,24.66,26.01,24.66,26.01,16383100
2021-12-10 07:00:00,25.96,26.01,25.43,25.62,13984900
2021-12-13 07:00:00,25.72,26.11,25.28,25.82,15527800
2021-12-14 07:00:00,25.77,26.06,25.43,25.48,14532300
2021-12-15 07:00:00,25.38,25.67,24.99,24.99,13911100
2021-12-16 07:00:00,25.09,25.14,24.41,24.61,22318500
2021-12-17 07:00:00,24.66,25.57,24.61,25.38,16143000
2021-12-20 07:00:00,25.38,26.35,25.19,25.86,18584000
2021-12-21 07:00:00,25.67,25.96,25.38,25.38,12291900
2021-12-22 07:00:00,25.38,25.53,24.56,24.7,22770800
2021-12-23 07:00:00,24.56,24.61,23.2,23.69,26281600
2021-12-24 07:00:00,23.79,24.15,23.4,23.71,8847400
2021-12-27 07:00:00,24.15,24.15,23.69,23.76,6529300
2021-12-28 07:00:00,23.83,23.96,23.59,23.59,9860100
2021-12-29 07:00:00,23.64,24.37,23.25,24.0,9809600
2021-12-30 07:00:00,24.27,25.53,24.22,25.43,16605600
2021-12-31 07:00:00,25.57,25.62,24.95,25.04,9609300
2022-01-04 07:00:00,25.38,25.82,25.09,25.62,16445000
2022-01-05 07:00:00,25.62,26.06,25.38,25.53,15701400
2022-01-06 07:00:00,25.33,25.62,25.09,25.09,13248000
2022-01-07 07:00:00,24.99,25.38,24.75,24.95,13974400
2022-01-10 07:00:00,24.95,25.14,23.96,23.96,17471200
2022-01-11 07:00:00,24.03,24.46,23.2,23.25,15601500
2022-01-12 07:00:00,23.45,24.41,23.25,24.41,15464300
2022-01-13 07:00:00,24.66,24.7,23.62,23.62,11392500
2022-01-14 07:00:00,23.42,23.91,23.35,23.54,6678400
2022-01-17 07:00:00,23.45,23.64,21.9,21.9,32346300
2022-01-18 07:00:00,21.42,21.8,20.38,20.45,15992300
2022-01-19 07:00:00,21.22,21.85,20.96,21.85,11085500
2022-01-20 07:00:00,21.95,22.34,21.49,22.09,9055600
2022-01-21 07:00:00,21.85,22.04,21.37,21.54,8527900
2022-01-24 07:00:00,21.18,21.42,20.04,20.04,18790500
2022-01-25 07:00:00,19.82,20.74,19.77,20.69,10236600
2022-01-26 07:00:00,20.79,20.98,20.5,20.52,8416100
2022-01-27 07:00:00,20.55,21.51,20.35,20.98,7544500
2022-01-28 07:00:00,20.93,21.78,20.88,21.78,7793600
2022-02-07 07:00:00,22.24,22.67,21.9,22.17,9690500
2022-02-08 07:00:00,22.0,22.29,21.76,22.07,6658100
2022-02-09 07:00:00,21.9,22.38,21.9,22.09,8230800
2022-02-10 07:00:00,22.14,22.19,21.56,21.8,6996200
2022-02-11 07:00:00,21.76,22.07,21.66,21.8,5557600
2022-02-14 07:00:00,21.51,21.61,21.08,21.08,10485300
2022-02-15 07:00:00,21.37,21.61,20.96,21.37,5733800
2022-02-16 07:00:00,21.61,21.8,21.42,21.71,4864700
2022-02-17 07:00:00,21.66,21.83,21.66,21.76,5870700
2022-02-18 07:00:00,21.51,22.14,21.46,21.85,9386200
2022-02-21 07:00:00,21.9,22.43,21.9,22.24,10975700
2022-02-22 07:00:00,21.9,22.09,21.51,21.76,7703800
2022-02-23 07:00:00,21.85,22.04,21.85,21.9,5632600
2022-02-24 07:00:00,21.8,22.24,21.01,21.56,12752500
2022-02-25 07:00:00,21.76,22.5,21.66,22.09,15679600
2022-02-28 07:00:00,22.14,22.53,22.07,22.09,7527000
2022-03-01 07:00:00,22.24,22.38,21.95,22.24,8804700
2022-03-02 07:00:00,22.04,22.17,21.54,21.66,12606700
2022-03-03 07:00:00,21.76,22.0,21.51,22.0,8443700
2022-03-04 07:00:00,22.24,22.92,22.21,22.53,20515200
2022-03-07 07:00:00,22.29,22.65,22.12,22.62,11608800
2022-03-08 07:00:00,22.48,23.3,22.29,22.72,24333500
2022-03-09 07:00:00,22.87,22.96,22.19,22.53,12310400
2022-03-10 07:00:00,23.11,23.11,22.53,22.53,8503400
2022-03-11 07:00:00,22.34,22.48,21.61,21.76,16762700
2022-03-14 07:00:00,21.56,21.66,20.74,20.88,16641300
2022-03-15 07:00:00,20.81,21.32,20.79,20.93,7812500
2022-03-16 07:00:00,21.03,21.49,20.98,21.18,7098600
2022-03-17 07:00:00,21.49,21.49,21.18,21.18,4717000
2022-03-18 07:00:00,21.25,21.51,21.13,21.18,7818900
2022-03-21 07:00:00,21.42,21.49,21.18,21.42,6957300
2022-03-22 07:00:00,21.42,21.66,21.37,21.44,6005800
2022-03-23 07:00:00,21.51,21.61,21.37,21.37,6329400
2022-03-24 07:00:00,21.49,21.49,21.15,21.18,7095000
2022-03-25 07:00:00,21.15,21.25,20.93,21.01,7927800
2022-03-28 07:00:00,20.74,20.91,20.21,20.43,10391600
2022-03-29 07:00:00,20.74,20.74,20.6,20.62,4100800
2022-03-30 07:00:00,20.35,20.88,20.33,20.45,6997900
2022-03-31 07:00:00,20.69,20.69,20.3,20.3,4239600
2022-04-01 07:00:00,20.3,20.74,20.02,20.74,7804400
2022-04-04 07:00:00,21.03,21.78,20.84,21.76,14810300
2022-04-05 07:00:00,21.66,21.95,21.39,21.42,7217300
2022-04-06 07:00:00,21.13,21.71,21.13,21.56,8151700
2022-04-07 07:00:00,21.56,21.92,21.3,21.3,9640400
2022-04-08 07:00:00,21.27,21.39,20.79,20.79,7310200
2022-04-12 07:00:00,20.84,20.98,20.11,20.21,7028900
2022-04-13 07:00:00,20.3,20.67,19.77,20.57,8424200
2022-04-14 07:00:00,20.76,20.76,20.26,20.3,4295500
2022-04-15 07:00:00,20.21,20.35,19.26,19.34,9691100
2022-04-18 07:00:00,19.0,19.34,17.98,18.13,16501500
2022-04-19 07:00:00,18.18,18.56,16.92,16.92,12058200
2022-04-20 07:00:00,16.9,17.4,16.78,17.02,10151300
2022-04-21 07:00:00,16.73,17.79,16.68,17.43,12545000
2022-04-22 07:00:00,17.65,17.72,16.92,17.43,7077100
2022-04-25 07:00:00,17.4,17.52,16.22,16.22,11146000
2022-04-26 07:00:00,15.71,16.68,15.16,16.68,12730000
2022-04-27 07:00:00,16.56,16.73,16.29,16.63,5114300
2022-04-28 07:00:00,16.58,16.75,16.1,16.2,6207900
2022-04-29 07:00:00,16.2,16.53,16.03,16.22,9311700
2022-05-04 07:00:00,16.22,16.34,15.47,15.47,7448400
2022-05-05 07:00:00,15.71,15.83,14.65,14.99,10130600
2022-05-06 07:00:00,14.5,14.84,13.95,13.95,15138700
2022-05-09 07:00:00,13.75,13.78,12.98,12.98,19409400
2022-05-10 07:00:00,12.57,13.56,12.54,13.49,15410200
2022-05-11 07:00:00,13.56,13.58,13.22,13.39,6152600
2022-05-12 07:00:00,13.17,13.32,12.47,12.47,15874500
2022-05-13 07:00:00,12.57,12.86,12.11,12.47,25052800
2022-05-16 07:00:00,13.25,13.34,13.15,13.2,18681800
2022-05-17 07:00:00,13.05,14.09,13.0,14.09,19673100
2022-05-18 07:00:00,14.12,14.48,13.83,13.85,24752200
2022-05-19 07:00:00,13.34,14.02,13.34,13.78,19089300
2022-05-20 07:00:00,13.92,14.26,13.73,13.75,16547700
2022-05-23 07:00:00,13.78,13.85,12.81,12.81,30832900
2022-05-24 07:00:00,12.76,13.58,12.16,13.58,21835700
2022-05-25 07:00:00,13.58,14.16,13.54,13.92,17343300
2022-05-26 07:00:00,13.97,14.6,13.92,14.24,29090600
2022-05-27 07:00:00,14.16,14.72,14.14,14.46,21093000
2022-05-30 07:00:00,14.53,14.84,14.26,14.46,14626400
2022-05-31 07:00:00,14.21,14.53,14.02,14.33,18324500
2022-06-01 07:00:00,14.26,14.46,13.88,14.29,14547600
2022-06-02 07:00:00,14.31,14.6,13.92,14.02,19231800
2022-06-03 07:00:00,13.92,14.36,13.92,14.14,17260500
2022-06-06 07:00:00,14.29,14.46,13.92,14.02,13164700
2022-06-07 07:00:00,13.88,14.0,13.17,13.63,18575400
2022-06-08 07:00:00,13.78,14.38,13.63,14.16,15160100
2022-06-09 07:00:00,14.19,14.31,13.95,14.02,7971900
2022-06-10 07:00:00,13.83,14.02,13.46,13.46,15662200
2022-06-13 07:00:00,12.81,13.05,12.54,12.54,20886700
2022-06-14 07:00:00,12.28,12.42,11.68,11.77,18121100
2022-06-15 07:00:00,11.84,11.96,10.95,10.95,19494300
2022-06-16 07:00:00,11.31,11.31,10.61,10.71,13558700
2022-06-17 07:00:00,10.08,10.39,9.96,9.96,20938200
2022-06-20 07:00:00,9.98,10.3,9.28,9.28,18264500
2022-06-21 07:00:00,8.87,9.62,8.73,8.85,24985100
2022-06-22 07:00:00,9.46,9.46,9.36,9.46,11892500
2022-06-23 07:00:00,9.62,9.89,9.57,9.89,13697300
2022-06-24 07:00:00,9.84,10.21,9.81,9.94,11929000
2022-06-27 07:00:00,10.02,10.61,9.94,10.61,13895600
2022-06-28 07:00:00,10.64,10.66,10.4,10.48,13211000
2022-06-29 07:00:00,10.32,10.8,10.26,10.56,14242800
2022-06-30 07:00:00,10.53,10.61,10.05,10.05,13242100
2022-07-01 07:00:00,9.97,10.58,9.6,10.53,15527500
2022-07-04 07:00:00,10.72,11.01,10.66,10.8,19712000
2022-07-05 07:00:00,10.77,10.88,10.53,10.53,14220100
2022-07-06 07:00:00,10.26,10.58,10.1,10.16,15164800
2022-07-07 07:00:00,10.05,10.26,9.97,10.21,9823100
2022-07-08 07:00:00,10.32,10.9,10.32,10.9,30285700
2022-07-11 07:00:00,10.93,11.31,10.64,11.04,26063700
2022-07-12 07:00:00,10.98,11.31,10.9,11.17,11926200
2022-07-13 07:00:00,11.17,11.28,10.85,11.07,17839400
2022-07-14 07:00:00,10.96,11.73,10.88,11.49,23495100
2022-07-15 07:00:00,11.55,11.63,11.28,11.28,16577600
2022-07-18 07:00:00,11.39,11.44,11.07,11.17,18016400
2022-07-19 07:00:00,11.04,11.17,10.74,11.04,19867100
2022-07-20 07:00:00,11.23,11.55,11.17,11.39,22292300
2022-07-21 07:00:00,11.33,11.55,11.28,11.39,15960000
2022-07-22 07:00:00,11.39,11.49,11.17,11.17,17909200
2022-07-25 07:00:00,11.07,11.25,10.85,10.93,18310100
2022-07-26 07:00:00,10.98,11.07,10.74,10.82,16457400
2022-07-27 07:00:00,10.69,10.9,10.58,10.9,17804700
2022-07-28 07:00:00,11.17,11.41,11.07,11.31,19481100
2022-07-29 07:00:00,11.39,11.57,11.25,11.41,20792200
2022-08-01 07:00:00,11.41,12.19,11.41,12.19,29169900
2022-08-02 07:00:00,12.3,12.64,12.24,12.4,35526300
2022-08-03 07:00:00,12.24,12.67,12.22,12.59,22269900
2022-08-04 07:00:00,12.72,12.78,12.3,12.59,20941700
2022-08-05 07:00:00,12.48,13.42,12.43,13.26,28994000
2022-08-08 07:00:00,13.44,13.55,13.02,13.18,21251600
2022-08-09 07:00:00,13.2,13.34,13.02,13.26,14949200
2022-08-10 07:00:00,13.12,13.36,13.07,13.12,14584500
2022-08-11 07:00:00,13.28,13.47,12.72,13.04,28045800
2022-08-12 07:00:00,13.02,13.31,12.86,13.31,17178600
2022-08-15 07:00:00,13.44,13.52,13.15,13.23,14575600
2022-08-16 07:00:00,13.23,13.36,13.07,13.15,11764700
2022-08-17 07:00:00,13.26,13.44,13.1,13.12,21210600
2022-08-18 07:00:00,12.99,13.63,12.99,13.42,28626400
2022-08-19 07:00:00,13.42,13.6,13.31,13.44,15752800
2022-08-22 07:00:00,13.44,13.55,13.15,13.2,16747900
2022-08-23 07:00:00,12.99,13.58,12.72,13.58,32424700
2022-08-24 07:00:00,13.71,13.74,13.44,13.5,13465300
2022-08-25 07:00:00,13.55,13.9,13.55,13.63,14782800
2022-08-26 07:00:00,13.63,13.71,13.26,13.26,23266700
2022-08-29 07:00:00,12.94,13.04,12.59,13.04,28608300
2022-08-30 07:00:00,13.18,13.26,12.78,12.8,12094600
2022-08-31 07:00:00,12.67,12.94,12.67,12.83,10846400
2022-09-05 07:00:00,12.88,12.99,12.67,12.67,10158000
2022-09-06 07:00:00,12.75,12.91,12.56,12.7,11026900
2022-09-07 07:00:00,12.67,12.8,12.05,12.05,23212800
2022-09-08 07:00:00,12.27,12.3,11.79,11.79,15977000
2022-09-09 07:00:00,11.76,11.87,11.39,11.87,33441100
2022-09-12 07:00:00,12.03,12.03,11.68,11.68,11998300
2022-09-13 07:00:00,11.68,11.79,11.33,11.57,18972100
2022-09-14 07:00:00,11.23,11.84,11.23,11.73,25849700
2022-09-15 07:00:00,11.81,11.81,11.55,11.57,9452700
2022-09-16 07:00:00,11.49,11.6,11.25,11.31,19466700
2022-09-19 07:00:00,11.31,11.31,10.64,10.64,22693700
2022-09-20 07:00:00,10.8,11.09,10.64,11.07,14145700
2022-09-21 07:00:00,10.96,11.12,10.88,10.98,8382000
2022-09-22 07:00:00,10.85,11.33,10.8,11.28,17206400
2022-09-23 07:00:00,11.23,11.39,10.98,11.04,10814000
2022-09-26 07:00:00,10.72,10.85,10.29,10.42,22906700
2022-09-27 07:00:00,10.53,10.69,10.42,10.45,10953800
2022-09-28 07:00:00,10.37,10.72,10.37,10.56,14119800
2022-09-29 07:00:00,10.8,10.8,10.32,10.32,11341000
2022-09-30 07:00:00,10.24,10.58,9.78,10.58,20628400
2022-10-03 07:00:00,10.48,10.5,9.86,9.86,15843300
2022-10-04 07:00:00,10.1,10.21,9.41,9.52,15613300
2022-10-05 07:00:00,9.81,10.05,9.73,9.97,13616200
2022-10-06 07:00:00,9.97,9.97,9.3,9.3,12072300
2022-10-07 07:00:00,9.11,9.14,8.66,8.98,24130800
2022-10-10 07:00:00,8.95,9.46,8.85,9.3,17618200
2022-10-11 07:00:00,9.11,9.3,8.66,8.66,16403900
2022-10-12 07:00:00,8.77,9.25,8.69,9.22,18582200
2022-10-13 07:00:00,9.22,9.46,9.09,9.36,12486200
2022-10-14 07:00:00,9.62,9.84,9.52,9.57,22036600
2022-10-17 07:00:00,9.41,9.62,9.22,9.62,13716400
2022-10-18 07:00:00,9.84,9.89,9.46,9.52,18797300
2022-10-19 07:00:00,9.57,9.62,9.36,9.44,12345400
2022-10-20 07:00:00,9.36,9.54,9.22,9.3,11211900
2022-10-21 07:00:00,9.3,9.33,8.66,8.66,28076400
2022-10-24 07:00:00,8.71,8.77,8.07,8.07,23354200
2022-10-25 07:00:00,8.07,8.58,7.64,8.04,22999400
2022-10-26 07:00:00,8.18,8.34,7.86,7.94,9014400
2022-10-27 07:00:00,8.07,8.47,8.02,8.47,21710300
2022-10-28 07:00:00,8.66,8.77,8.47,8.5,16262500
2022-10-31 07:00:00,8.5,8.77,8.12,8.71,20501900
2022-11-01 07:00:00,8.87,9.11,8.71,9.06,22328100
2022-11-02 07:00:00,9.06,9.11,8.82,8.82,15911800
2022-11-03 07:00:00,8.66,8.98,8.63,8.82,11302200
2022-11-04 07:00:00,8.69,8.71,8.21,8.21,25310800
2022-11-07 07:00:00,8.15,8.29,7.64,7.64,21167600
2022-11-08 07:00:00,7.38,8.1,7.38,8.02,16380300
2022-11-09 07:00:00,8.1,8.34,7.96,7.96,8615900
2022-11-10 07:00:00,7.86,7.91,7.43,7.43,18406100
2022-11-11 07:00:00,7.64,7.8,7.38,7.54,19859900
2022-11-14 07:00:00,7.38,7.75,7.06,7.62,20560100
2022-11-15 07:00:00,7.48,7.62,7.11,7.43,24236100
2022-11-16 07:00:00,7.0,7.94,6.98,7.94,26998600
2022-11-17 07:00:00,8.1,8.47,8.07,8.45,23384900
2022-11-18 07:00:00,8.42,8.87,8.21,8.69,34596600
2022-11-21 07:00:00,8.79,8.82,8.53,8.61,12527900
2022-11-22 07:00:00,8.5,9.09,8.5,8.74,29655000
2022-11-23 07:00:00,8.66,8.79,8.45,8.45,13126800
2022-11-24 07:00:00,8.26,8.55,8.15,8.55,16226000
2022-11-25 07:00:00,8.77,9.14,8.63,9.14,22569200
2022-11-28 07:00:00,9.36,9.76,9.36,9.76,32638900
2022-11-29 07:00:00,9.89,10.24,9.62,10.13,32279800
2022-11-30 07:00:00,10.0,10.37,9.86,10.29,29645300
2022-12-01 07:00:00,10.42,10.5,9.73,9.73,37109400
2022-12-02 07:00:00,9.68,10.4,9.68,10.4,29326500
2022-12-05 07:00:00,10.85,11.12,10.58,11.12,35813500
2022-12-06 07:00:00,10.9,11.2,10.45,10.45,41336800
2022-12-07 07:00:00,10.45,10.66,10.1,10.29,21179900
2022-12-08 07:00:00,10.56,10.98,10.45,10.98,34618000
2022-12-09 07:00:00,11.07,11.12,10.64,10.82,18581200
2022-12-12 07:00:00,10.9,11.09,10.21,10.24,26511100
2022-12-13 07:00:00,10.24,10.9,10.08,10.9,25352700
2022-12-14 07:00:00,11.23,11.23,10.74,10.74,20741200
2022-12-15 07:00:00,10.74,10.88,10.66,10.82,15553300
2022-12-16 07:00:00,10.69,11.01,10.69,10.96,21449000
2022-12-19 07:00:00,10.96,11.68,10.88,10.96,41725400
2022-12-20 07:00:00,10.96,11.09,10.34,10.58,26808800
2022-12-21 07:00:00,10.8,10.8,9.86,10.32,26446400
2022-12-22 07:00:00,10.42,10.45,9.94,10.21,13108700
2022-12-23 07:00:00,10.16,10.21,9.76,9.78,11363200
2022-12-26 07:00:00,9.73,9.78,9.11,9.11,18630300
2022-12-27 07:00:00,9.09,9.73,9.09,9.73,14748000
2022-12-28 07:00:00,9.86,9.86,9.52,9.7,10979500
2022-12-29 07:00:00,9.62,9.76,9.41,9.41,8747600
2022-12-30 07:00:00,9.49,9.68,9.41,9.46,6422100
2023-01-03 07:00:00,9.52,10.1,9.52,10.1,18046200
2023-01-04 07:00:00,10.26,10.42,10.13,10.16,10680500
2023-01-05 07:00:00,10.24,10.34,10.0,10.32,13309500
2023-01-06 07:00:00,10.32,10.48,10.1,10.1,13143700
2023-01-09 07:00:00,10.21,10.34,10.08,10.16,9711500
2023-01-10 07:00:00,10.16,10.29,9.86,10.1,11623700
2023-01-11 07:00:00,10.18,10.56,10.18,10.32,13973900
2023-01-12 07:00:00,10.34,10.42,10.21,10.32,6542800
2023-01-13 07:00:00,10.42,10.61,10.21,10.26,14327200
2023-01-16 07:00:00,10.32,10.42,10.21,10.37,7329600
2023-01-17 07:00:00,10.48,10.9,10.42,10.9,21992300
2023-01-18 07:00:00,10.96,11.23,10.85,10.98,19367400
2023-01-19 07:00:00,10.93,11.36,10.9,11.33,26454500
2023-01-27 07:00:00,11.49,11.55,11.15,11.2,19460600
2023-01-30 07:00:00,11.2,11.6,11.07,11.23,19239700
2023-01-31 07:00:00,11.31,11.57,11.15,11.55,17924900
2023-02-01 07:00:00,11.6,11.68,10.74,10.77,26556600
2023-02-02 07:00:00,10.85,10.9,10.64,10.77,11997700
2023-02-03 07:00:00,10.74,10.85,10.48,10.56,13217100
2023-02-06 07:00:00,10.48,10.69,10.37,10.69,11552300
2023-02-07 07:00:00,10.74,10.88,10.18,10.18,17388300
2023-02-08 07:00:00,10.37,10.53,10.0,10.42,12539800
2023-02-09 07:00:00,10.4,10.56,10.32,10.34,7434300
2023-02-10 07:00:00,10.34,10.48,10.08,10.16,9538000
2023-02-13 07:00:00,10.13,10.16,9.7,9.89,11360100
2023-02-14 07:00:00,10.02,10.1,9.89,10.1,6180800
2023-02-15 07:00:00,10.1,10.34,10.05,10.21,10344500
2023-02-16 07:00:00,10.32,10.42,10.24,10.42,9828100
2023-02-17 07:00:00,10.4,10.5,10.26,10.4,8056100
2023-02-20 07:00:00,10.4,11.09,10.37,11.09,23655300
2023-02-21 07:00:00,11.12,11.2,10.93,10.93,14060300
2023-02-22 07:00:00,10.8,10.9,10.32,10.32,24069100
2023-02-23 07:00:00,10.32,10.53,10.05,10.53,17946400
2023-02-24 07:00:00,10.56,10.56,10.16,10.16,7726100
2023-02-27 07:00:00,10.05,10.1,9.76,9.76,14834700
2023-02-28 07:00:00,9.94,10.02,9.73,9.76,11908000
2023-03-01 07:00:00,9.78,10.16,9.7,10.13,11380400
2023-03-02 07:00:00,10.16,10.21,9.97,9.97,5341200
2023-03-03 07:00:00,10.08,10.08,9.86,9.86,7382600
2023-03-06 07:00:00,10.08,10.26,10.02,10.02,10340100
2023-03-07 07:00:00,10.16,10.42,10.05,10.37,16202800
2023-03-08 07:00:00,10.21,10.58,10.16,10.58,14656100
2023-03-09 07:00:00,10.58,10.74,10.56,10.58,17709900
2023-03-10 07:00:00,10.45,10.61,10.4,10.58,13374000
2023-03-13 07:00:00,10.45,10.66,10.26,10.5,20540900
2023-03-14 07:00:00,10.5,10.53,10.16,10.18,15079900
2023-03-15 07:00:00,10.5,10.88,10.42,10.88,28458900
2023-03-16 07:00:00,10.8,11.04,10.77,10.77,19590700
2023-03-17 07:00:00,10.9,10.96,10.72,10.85,19301900
2023-03-20 07:00:00,10.8,10.82,10.42,10.42,18548100
2023-03-21 07:00:00,10.53,10.69,10.34,10.69,17547200
2023-03-22 07:00:00,10.77,10.85,10.61,10.61,12303400
2023-03-23 07:00:00,10.53,10.9,10.5,10.88,17493200
2023-03-24 07:00:00,10.93,11.04,10.9,10.93,18614400
2023-03-27 07:00:00,10.96,11.44,10.93,11.23,23493200
2023-03-28 07:00:00,11.33,11.39,11.09,11.12,18885500
2023-03-29 07:00:00,11.12,11.28,11.09,11.25,15837600
2023-03-30 07:00:00,11.49,11.6,11.2,11.2,23213000
2023-03-31 07:00:00,11.25,11.6,11.15,11.49,31980500
2023-04-03 07:00:00,11.76,11.84,11.71,11.76,31835600
2023-04-04 07:00:00,11.81,12.14,11.65,12.03,31003800
2023-04-05 07:00:00,11.97,12.08,11.81,12.03,18373200
2023-04-06 07:00:00,12.11,12.3,11.68,11.68,25225900
2023-04-07 07:00:00,11.71,12.03,11.63,12.03,25286000
2023-04-10 07:00:00,12.16,12.4,11.89,11.97,26255600
2023-04-11 07:00:00,11.97,12.08,11.65,12.08,25248600
2023-04-12 07:00:00,12.08,12.14,11.73,11.76,17022900
2023-04-13 07:00:00,11.81,11.89,11.57,11.63,17746800
2023-04-14 07:00:00,11.71,11.79,11.33,11.33,26940800
2023-04-17 07:00:00,11.33,11.49,11.31,11.41,12903000
2023-04-18 07:00:00,11.47,11.63,11.31,11.63,19091400
2023-04-19 07:00:00,11.65,11.68,11.36,11.39,13629400
2023-04-20 07:00:00,11.33,11.44,11.25,11.28,9547400
2023-04-21 07:00:00,11.44,11.87,11.41,11.57,30661000
2023-04-24 07:00:00,11.6,11.71,11.47,11.49,9652100
2023-04-25 07:00:00,11.57,11.6,11.2,11.28,18712800
2023-04-26 07:00:00,11.28,11.41,11.07,11.41,17553400
2023-04-27 07:00:00,11.44,11.47,11.28,11.31,9135900
2023-04-28 07:00:00,11.39,11.52,11.36,11.52,16660000
2023-05-04 07:00:00,11.41,11.71,11.39,11.63,16515900
2023-05-05 07:00:00,11.63,11.65,11.47,11.47,8503400
2023-05-08 07:00:00,11.57,11.92,11.55,11.92,28566300
2023-05-09 07:00:00,11.97,12.0,11.79,11.89,13213400
2023-05-10 07:00:00,11.89,12.14,11.89,12.03,19035600
2023-05-11 07:00:00,12.03,12.24,11.97,11.97,19755500
2023-05-12 07:00:00,11.95,12.43,11.92,12.43,27507700
2023-05-15 07:00:00,12.56,12.62,12.24,12.24,20845400
2023-05-16 07:00:00,12.24,12.38,12.22,12.24,19670500
2023-05-17 07:00:00,12.24,12.3,11.97,12.0,22648300
2023-05-18 07:00:00,12.08,12.38,12.0,12.19,27097400
2023-05-19 07:00:00,12.19,12.46,12.11,12.24,15667300
2023-05-22 07:00:00,12.35,12.4,12.22,12.24,14775300
2023-05-23 07:00:00,12.3,12.46,12.19,12.22,20307600
2023-05-24 07:00:00,12.38,12.4,12.14,12.14,24777300
2023-05-25 07:00:00,12.08,12.14,12.0,12.03,15722000
2023-05-26 07:00:00,12.05,12.14,12.03,12.05,8272300
2023-05-29 07:00:00,12.22,12.54,12.16,12.51,17596200
2023-05-30 07:00:00,12.56,12.62,12.35,12.48,14844600
2023-05-31 07:00:00,12.43,12.56,12.3,12.38,18626100
2023-06-01 07:00:00,12.4,12.62,12.32,12.54,16361000
2023-06-02 07:00:00,12.72,13.02,12.67,12.88,27301900
2023-06-05 07:00:00,13.07,13.15,12.78,12.88,18890400
2023-06-06 07:00:00,12.88,13.52,12.78,13.44,34323800
2023-06-07 07:00:00,13.44,13.58,13.31,13.42,18172300
2023-06-08 07:00:00,13.52,13.58,12.99,12.99,34755100
2023-06-09 07:00:00,13.1,13.5,12.96,13.5,22956500
2023-06-12 07:00:00,13.5,13.58,13.2,13.55,17308500
2023-06-13 07:00:00,13.63,13.74,13.42,13.55,18419600
2023-06-14 07:00:00,13.63,14.01,13.55,13.58,25250900
2023-06-15 07:00:00,13.63,13.79,13.6,13.74,14244700
2023-06-16 07:00:00,13.92,14.54,13.92,13.95,34448400
2023-06-19 07:00:00,14.06,14.27,13.95,14.11,15014000
2023-06-20 07:00:00,14.34,14.42,13.86,14.28,19253600
2023-06-21 07:00:00,14.28,14.56,14.22,14.45,19258600
2023-06-22 07:00:00,14.5,14.72,14.34,14.5,15245600
2023-06-23 07:00:00,14.5,14.56,14.31,14.45,12483200
2023-06-26 07:00:00,14.45,14.47,14.03,14.34,17384100
2023-06-27 07:00:00,14.36,14.86,14.34,14.78,20384500
2023-06-28 07:00:00,14.78,14.97,14.67,14.75,16422600
2023-06-29 07:00:00,14.81,14.81,14.14,14.14,19941700
2023-06-30 07:00:00,14.17,14.39,14.11,14.34,14517400
2023-07-03 07:00:00,14.47,14.5,14.25,14.28,13141200
2023-07-04 07:00:00,14.28,14.72,14.2,14.72,24381900
2023-07-05 07:00:00,14.84,14.84,14.56,14.56,15873600
2023-07-06 07:00:00,14.56,14.84,14.34,14.61,26806400
2023-07-07 07:00:00,14.5,14.7,14.25,14.7,14796500
2023-07-10 07:00:00,14.81,15.28,14.81,15.28,30633600
2023-07-11 07:00:00,15.22,15.81,15.22,15.58,27100700
2023-07-12 07:00:00,15.72,15.89,15.36,15.53,23044800
2023-07-13 07:00:00,15.7,15.84,15.56,15.78,16156700
2023-07-14 07:00:00,15.84,15.89,15.53,15.84,16102800
2023-07-17 07:00:00,15.86,16.22,15.86,16.0,14468100
2023-07-18 07:00:00,16.0,16.0,15.81,15.86,12415400
2023-07-19 07:00:00,15.89,16.06,15.81,15.84,10046700
2023-07-20 07:00:00,15.84,15.84,15.34,15.56,28832600
2023-07-21 07:00:00,15.56,16.0,15.47,15.97,16462800
2023-07-24 07:00:00,16.17,16.22,15.78,15.95,14535600
2023-07-25 07:00:00,15.95,16.17,15.84,16.0,14449000
2023-07-26 07:00:00,16.0,16.14,15.78,16.11,12780300
2023-07-27 07:00:00,16.11,16.5,16.06,16.36,16465600
2023-07-28 07:00:00,16.36,16.61,16.31,16.53,13130200
2023-07-31 07:00:00,16.64,16.78,16.31,16.47,15219300
2023-08-01 07:00:00,16.5,16.5,16.0,16.0,16376600
2023-08-02 07:00:00,15.95,16.2,15.89,16.11,11458900
2023-08-03 07:00:00,16.08,16.14,15.72,15.84,15210400
2023-08-04 07:00:00,15.84,16.34,15.84,16.22,14992000
2023-08-07 07:00:00,16.45,16.64,16.34,16.5,15093300
2023-08-08 07:00:00,16.58,16.58,16.11,16.17,11628700
2023-08-09 07:00:00,16.06,16.22,15.86,15.89,16620200
2023-08-10 07:00:00,15.89,16.03,15.61,15.61,23382100
2023-08-11 07:00:00,15.7,15.72,15.36,15.64,27536000
2023-08-14 07:00:00,15.81,16.34,15.61,16.2,30333100
2023-08-15 07:00:00,16.22,16.22,15.92,15.95,13184400
2023-08-16 07:00:00,15.92,16.2,15.81,16.03,14335800
2023-08-17 07:00:00,16.14,17.0,16.14,16.64,59158400
2023-08-18 07:00:00,16.5,16.89,15.56,15.72,46437600
2023-08-21 07:00:00,16.11,16.2,15.84,16.03,35538400
2023-08-22 07:00:00,16.11,17.06,15.47,17.06,51810600
2023-08-23 07:00:00,17.22,17.31,16.75,16.89,32898700
2023-08-24 07:00:00,16.84,17.84,16.75,17.78,38295900
2023-08-25 07:00:00,17.61,18.06,17.58,17.89,32433300
2023-08-28 07:00:00,17.95,18.17,17.84,18.03,26966500
2023-08-29 07:00:00,18.06,18.22,17.61,17.97,35197500
2023-08-30 07:00:00,18.0,18.84,17.84,18.61,24980800
2023-08-31 07:00:00,18.61,18.75,18.5,18.56,17637700
2023-09-05 07:00:00,18.67,18.72,18.22,18.53,27135900
2023-09-06 07:00:00,18.53,19.17,18.31,18.89,19656200
2023-09-07 07:00:00,18.95,18.97,18.5,18.7,21471400
2023-09-08 07:00:00,18.61,18.95,18.56,18.75,16656500
2023-09-11 07:00:00,18.89,19.08,18.56,18.61,34427300
2023-09-12 07:00:00,18.7,19.89,18.61,19.89,37129000
2023-09-13 07:00:00,20.11,20.34,19.72,19.89,35639800
2023-09-14 07:00:00,19.89,20.14,19.39,19.81,33908800
2023-09-15 07:00:00,19.95,20.03,19.45,19.72,23626000
2023-09-18 07:00:00,19.45,19.97,19.39,19.84,25487500
2023-09-19 07:00:00,19.89,20.11,19.56,20.11,19558300
2023-09-20 07:00:00,20.22,20.56,20.06,20.25,22951800
2023-09-21 07:00:00,20.22,20.25,19.31,19.31,49186800
2023-09-22 07:00:00,18.7,18.86,17.97,18.11,69559100
2023-09-25 07:00:00,17.89,18.39,16.86,16.86,42948600
2023-09-26 07:00:00,17.22,18.03,16.84,17.17,38702100
2023-09-27 07:00:00,17.61,18.34,17.17,18.34,32046400
2023-09-28 07:00:00,18.22,18.28,17.61,17.95,27911500
2023-09-29 07:00:00,18.28,18.28,17.67,17.67,19989100
2023-10-02 07:00:00,17.67,18.14,17.61,17.84,17212200
2023-10-03 07:00:00,17.56,17.58,16.72,16.78,42246000
2023-10-04 07:00:00,16.56,17.95,16.47,17.64,33560600
2023-10-05 07:00:00,17.72,18.0,17.5,17.58,22264000
2023-10-06 07:00:00,17.58,18.31,17.34,18.31,26498900
2023-10-09 07:00:00,18.28,18.61,18.0,18.45,21954400
2023-10-10 07:00:00,18.67,18.84,18.17,18.17,27779700
2023-10-11 07:00:00,18.22,18.89,18.08,18.89,23560400
2023-10-12 07:00:00,18.95,18.95,18.56,18.67,18148200
2023-10-13 07:00:00,18.5,18.95,18.34,18.64,22031600
2023-10-16 07:00:00,18.64,18.67,17.72,17.84,28362600
2023-10-17 07:00:00,18.0,18.28,17.47,17.47,19536600
2023-10-18 07:00:00,17.67,17.86,16.56,17.53,28495000
2023-10-19 07:00:00,17.53,17.64,16.56,16.72,28868500
2023-10-20 07:00:00,16.72,17.45,16.17,17.39,28197400
2023-10-23 07:00:00,17.0,17.42,16.89,17.0,15339400
2023-10-24 07:00:00,17.22,17.31,16.92,17.25,14254500
2023-10-25 07:00:00,17.22,17.53,17.11,17.11,14381400
2023-10-26 07:00:00,16.5,16.64,15.92,15.95,54159900
2023-10-27 07:00:00,16.25,16.56,15.97,16.36,20052100
2023-10-30 07:00:00,16.11,16.31,15.28,15.28,16792400
2023-10-31 07:00:00,15.31,15.5,14.25,14.31,36435600
2023-11-01 07:00:00,14.31,15.08,14.31,15.08,30977100
2023-11-02 07:00:00,15.34,16.11,15.28,16.06,27480700
2023-11-03 07:00:00,16.11,16.14,15.72,16.06,25384900
2023-11-06 07:00:00,16.2,16.28,16.0,16.11,17861300
2023-11-07 07:00:00,16.06,16.28,15.72,15.75,18329600
2023-11-08 07:00:00,15.75,16.84,15.72,16.84,31630200
2023-11-09 07:00:00,17.03,17.56,16.97,17.14,33982300
2023-11-10 07:00:00,17.0,17.72,16.97,17.11,32344200
2023-11-13 07:00:00,17.22,17.56,17.11,17.47,20864700
2023-11-14 07:00:00,17.75,17.89,17.42,17.64,23240100
2023-11-15 07:00:00,18.22,18.22,17.72,17.75,26908500
2023-11-16 07:00:00,17.72,17.95,17.42,17.95,19053100
2023-11-17 07:00:00,17.97,18.11,17.28,17.5,29287800
2023-11-20 07:00:00,17.06,18.17,17.03,18.0,26502900
2023-11-21 07:00:00,18.22,18.22,17.95,18.08,17289800
2023-11-22 07:00:00,18.06,18.31,17.95,18.28,22922800
2023-11-23 07:00:00,18.45,18.45,17.17,17.17,27082200
2023-11-24 07:00:00,17.36,17.78,17.06,17.78,24682500
2023-11-27 07:00:00,17.75,17.78,17.22,17.22,15100900
2023-11-28 07:00:00,17.22,17.5,16.78,17.45,21396800
2023-11-29 07:00:00,17.5,17.75,17.39,17.56,12215700
2023-11-30 07:00:00,17.56,17.86,17.39,17.39,16679400
2023-12-01 07:00:00,17.61,17.92,17.36,17.78,20043200
2023-12-04 07:00:00,18.28,18.89,18.08,18.67,45276900
2023-12-05 07:00:00,18.7,18.72,18.42,18.5,23475500
2023-12-06 07:00:00,18.53,18.81,18.47,18.67,17904800
2023-12-07 07:00:00,18.67,18.72,17.81,18.25,44212600
2023-12-08 07:00:00,18.17,18.34,17.95,18.11,18079900
2023-12-11 07:00:00,18.11,18.36,17.84,18.17,19996900
2023-12-12 07:00:00,18.22,18.34,18.06,18.11,12453800
2023-12-13 07:00:00,18.28,18.31,17.78,17.78,21549400
2023-12-14 07:00:00,18.06,18.06,17.72,17.78,15658600
2023-12-15 07:00:00,17.84,18.06,17.61,17.67,19871000
2023-12-18 07:00:00,17.7,17.86,17.58,17.61,11323400
2023-12-19 07:00:00,17.64,17.86,17.42,17.86,15687700
2023-12-20 07:00:00,17.86,18.11,17.75,17.95,13506600
2023-12-21 07:00:00,17.81,17.95,17.78,17.89,8083600
2023-12-22 07:00:00,17.97,18.31,17.89,17.97,17457600
2023-12-25 07:00:00,17.97,18.2,17.84,18.08,13953300
2023-12-26 07:00:00,18.11,18.28,18.06,18.2,14005700
2023-12-27 07:00:00,18.31,18.42,18.22,18.22,16101500
2023-12-28 07:00:00,18.25,18.42,18.14,18.34,10895900
2023-12-29 07:00:00,18.31,18.39,18.2,18.22,12790300
2024-01-02 07:00:00,18.34,18.45,18.06,18.06,18052300
2024-01-03 07:00:00,17.97,18.31,17.95,18.31,11408700
2024-01-04 07:00:00,18.34,19.0,18.34,18.67,58713300
2024-01-05 07:00:00,18.78,18.97,18.67,18.97,25137200
2024-01-08 07:00:00,19.14,19.17,18.89,18.95,20729000
2024-01-09 07:00:00,19.0,19.08,18.84,18.89,18985200
2024-01-10 07:00:00,18.86,18.92,18.53,18.72,23828800
2024-01-11 07:00:00,18.75,19.11,18.67,18.84,25471700
2024-01-12 07:00:00,18.67,18.89,18.53,18.81,25258800
2024-01-15 07:00:00,18.89,18.95,18.34,18.34,22246200
2024-01-16 07:00:00,18.34,18.61,18.2,18.61,19315100
2024-01-17 07:00:00,18.61,19.17,18.58,18.7,26218900
2024-01-18 07:00:00,18.78,18.92,18.7,18.78,14736700
2024-01-19 07:00:00,18.89,18.95,18.56,18.72,22389300
2024-01-22 07:00:00,18.84,18.89,18.56,18.86,16814700
2024-01-23 07:00:00,18.89,18.95,18.7,18.78,12564800
2024-01-24 07:00:00,18.75,19.11,18.72,18.89,27351500
2024-01-25 07:00:00,18.92,19.0,18.81,18.86,10942200
2024-01-26 07:00:00,18.97,19.08,18.86,18.95,14288200
2024-01-29 07:00:00,19.0,19.11,18.81,18.86,12259400
2024-01-30 07:00:00,18.81,18.97,18.78,18.97,11905200
2024-01-31 07:00:00,19.06,19.53,19.0,19.11,44818700
2024-02-01 07:00:00,19.14,19.36,19.11,19.25,11153200
2024-02-02 07:00:00,19.39,19.7,19.34,19.34,23506100
2024-02-05 07:00:00,19.34,19.53,19.17,19.42,19528500
2024-02-06 07:00:00,19.53,19.7,19.39,19.45,13195400
2024-02-07 07:00:00,19.45,19.64,19.39,19.5,15710800
2024-02-15 07:00:00,19.56,19.72,19.45,19.5,14888800
2024-02-16 07:00:00,19.64,19.67,19.39,19.45,18037300
2024-02-19 07:00:00,19.45,19.56,19.11,19.56,32834200
2024-02-20 07:00:00,19.81,19.89,19.58,19.61,18101700
2024-02-21 07:00:00,19.61,19.61,19.28,19.42,18553100
2024-02-22 07:00:00,19.36,19.42,19.2,19.25,14411900
2024-02-23 07:00:00,19.22,19.39,18.92,18.97,24143200
2024-02-26 07:00:00,18.95,19.64,18.92,19.5,26875500
2024-02-27 07:00:00,19.58,20.25,19.5,19.95,47040400
2024-02-28 07:00:00,20.06,20.14,19.81,20.06,26065500
2024-02-29 07:00:00,20.22,20.95,20.17,20.56,43188500
2024-03-01 07:00:00,20.78,20.95,20.56,20.75,21490800
2024-03-04 07:00:00,21.0,21.03,20.56,20.64,25346200
2024-03-05 07:00:00,20.64,20.81,20.36,20.78,31386200
2024-03-06 07:00:00,20.78,21.0,20.39,20.61,27681300
2024-03-07 07:00:00,20.56,21.08,20.47,20.95,34060200
2024-03-08 07:00:00,21.06,21.17,20.45,20.45,35882600
2024-03-11 07:00:00,20.45,20.64,20.11,20.2,24846500
2024-03-12 07:00:00,20.2,20.34,20.03,20.17,21926800
2024-03-13 07:00:00,20.22,21.17,20.17,21.08,35787800
2024-03-14 07:00:00,21.14,21.67,21.0,21.03,39364400
2024-03-15 07:00:00,21.0,21.06,20.61,21.0,27977200
2024-03-18 07:00:00,21.03,21.11,19.78,20.36,48614200
2024-03-19 07:00:00,20.39,20.56,20.08,20.08,14628400
2024-03-20 07:00:00,20.22,20.67,20.14,20.67,16364200
2024-03-21 07:00:00,21.08,21.11,20.84,20.92,27175200
2024-03-22 07:00:00,21.0,21.36,20.89,21.0,29818700
2024-03-25 07:00:00,21.03,21.28,20.72,20.84,24344200
2024-03-26 07:00:00,20.78,21.22,20.64,21.11,19515300
2024-03-27 07:00:00,21.28,21.39,21.06,21.39,18775000
2024-03-28 07:00:00,21.67,21.81,21.56,21.75,26417300
2024-03-29 07:00:00,21.7,21.72,21.39,21.39,17529500
2024-04-01 07:00:00,21.39,21.78,21.03,21.56,31091500
2024-04-02 07:00:00,21.28,21.67,21.11,21.61,21148300
2024-04-03 07:00:00,21.56,21.78,21.11,21.14,25750600
2024-04-04 07:00:00,21.14,21.22,20.92,20.92,24883900
2024-04-05 07:00:00,20.64,20.72,20.45,20.45,31244300
2024-04-08 07:00:00,20.45,20.56,20.36,20.39,12118300
2024-04-09 07:00:00,20.5,20.84,20.39,20.84,13235500
2024-04-10 07:00:00,20.89,20.89,20.53,20.53,8525400
2024-04-11 07:00:00,20.31,20.78,20.31,20.64,11888000
2024-04-12 07:00:00,20.75,21.0,20.58,20.86,19498500
2024-04-15 07:00:00,20.72,20.92,19.42,19.42,29936900
2024-04-16 07:00:00,19.5,19.61,18.95,19.56,32795000
2024-04-17 07:00:00,19.7,19.72,19.11,19.11,13931600
2024-04-19 07:00:00,18.86,19.34,18.36,18.45,29562900
2024-04-22 07:00:00,19.0,19.72,18.86,19.5,19499700
2024-04-23 07:00:00,19.5,19.61,19.06,19.17,16741600
2024-04-24 07:00:00,19.45,19.97,19.39,19.81,21326800
2024-04-25 07:00:00,19.81,19.81,19.5,19.64,10578200
2024-04-26 07:00:00,19.36,19.64,19.28,19.56,13819800
2024-05-02 07:00:00,19.56,19.61,19.06,19.28,12220400
2024-05-03 07:00:00,19.5,19.61,19.22,19.25,9163900
2024-05-06 07:00:00,19.45,20.03,19.42,19.81,16789600
2024-05-07 07:00:00,19.89,20.0,19.67,19.75,8273300
2024-05-08 07:00:00,19.56,19.95,19.5,19.81,13710900
2024-05-09 07:00:00,19.92,19.95,19.47,19.56,15342900
2024-05-10 07:00:00,19.61,19.72,19.45,19.7,12118500
2024-05-13 07:00:00,19.81,19.95,19.58,19.78,10272700
2024-05-14 07:00:00,19.81,19.95,19.64,19.72,7029000
2024-05-15 07:00:00,19.84,20.17,19.72,19.97,20293600
2024-05-16 07:00:00,20.2,20.22,20.03,20.06,13615900
2024-05-17 07:00:00,20.06,20.34,19.97,20.22,14815700
2024-05-20 07:00:00,20.34,20.61,20.28,20.36,19945200
2024-05-21 07:00:00,20.31,20.45,20.17,20.45,14037400
2024-05-22 07:00:00,20.45,20.75,20.22,20.25,22688000
2024-05-23 07:00:00,20.22,20.39,19.92,20.39,16679200
2024-05-24 07:00:00,20.17,20.25,19.34,19.58,28294900
2024-05-27 07:00:00,19.58,19.72,19.34,19.5,16841300
2024-05-28 07:00:00,19.61,19.78,19.53,19.78,13044000
2024-05-29 07:00:00,19.86,19.95,19.5,19.56,13092100
2024-05-30 07:00:00,19.45,19.47,19.06,19.36,18861700
2024-05-31 07:00:00,19.36,19.45,19.22,19.28,8441300
2024-06-03 07:00:00,19.45,19.78,19.45,19.67,12486400
2024-06-04 07:00:00,19.67,19.95,19.64,19.67,11440300
2024-06-05 07:00:00,19.7,19.89,19.67,19.67,14108600
2024-06-06 07:00:00,19.78,19.81,19.56,19.67,8633500
2024-06-07 07:00:00,19.81,19.81,19.61,19.7,6447800
2024-06-10 07:00:00,19.72,19.89,19.64,19.64,13313100
2024-06-11 07:00:00,19.72,19.89,19.58,19.89,14775200
2024-06-12 07:00:00,19.92,20.34,19.89,20.34,27346000
2024-06-13 07:00:00,20.45,20.5,20.2,20.28,13008300
2024-06-14 07:00:00,20.39,20.67,20.06,20.06,26737800
2024-06-17 07:00:00,20.0,20.14,19.86,19.95,12551300
2024-06-18 07:00:00,20.06,20.17,19.92,20.06,9692800
2024-06-19 07:00:00,20.11,20.17,19.89,20.11,9768900
2024-06-20 07:00:00,20.11,20.17,19.67,19.95,14274900
2024-06-21 07:00:00,19.89,20.0,19.72,19.72,9055100
2024-06-24 07:00:00,19.7,19.72,19.0,19.22,27186000
2024-06-25 07:00:00,19.22,19.36,19.11,19.2,6523500
2024-06-26 07:00:00,19.2,19.25,18.67,19.11,11515000
2024-06-27 07:00:00,19.06,19.2,18.95,19.06,5308600
2024-06-28 07:00:00,19.06,19.14,18.75,18.86,11362600
2024-07-01 07:00:00,18.92,18.95,18.58,18.84,7933900
2024-07-02 07:00:00,18.92,19.08,18.84,19.08,7213600
2024-07-03 07:00:00,19.08,19.22,19.08,19.14,5952500
2024-07-04 07:00:00,19.14,19.34,19.06,19.11,5766000
2024-07-05 07:00:00,19.11,19.25,18.97,19.25,7440000
2024-07-08 07:00:00,19.34,19.47,19.11,19.2,7626900
2024-07-09 07:00:00,19.22,19.39,19.06,19.25,10076200
2024-07-10 07:00:00,19.28,19.31,19.08,19.08,5763700
2024-07-11 07:00:00,19.22,19.53,19.14,19.34,11001000
2024-07-12 07:00:00,19.34,19.39,19.14,19.14,5109200
2024-07-15 07:00:00,19.28,19.28,19.06,19.06,3953500
2024-07-16 07:00:00,19.17,19.45,19.08,19.11,7479100
2024-07-17 07:00:00,19.22,19.42,18.86,18.97,14342000
2024-07-18 07:00:00,19.08,19.11,18.78,19.08,9452500
2024-07-19 07:00:00,19.28,19.56,19.17,19.34,17264600
2024-07-22 07:00:00,19.31,19.47,18.97,19.25,10111600
2024-07-23 07:00:00,19.25,19.31,18.81,18.81,12721500
2024-07-24 07:00:00,18.7,18.84,17.75,18.28,21938000
2024-07-25 07:00:00,17.95,18.14,17.67,17.72,16462300
2024-07-26 07:00:00,17.84,17.95,17.72,17.84,6997600
2024-07-29 07:00:00,17.97,18.08,17.89,17.89,5697800
2024-07-30 07:00:00,17.89,18.0,17.72,17.75,5987100
2024-07-31 07:00:00,17.89,17.95,17.61,17.67,7852600
2024-08-01 07:00:00,17.84,17.84,16.67,16.84,23876700
2024-08-02 07:00:00,16.58,17.42,16.53,17.36,15346200
2024-08-05 07:00:00,17.03,17.11,16.45,16.45,22026300
2024-08-06 07:00:00,16.84,17.22,16.47,17.0,17111000
2024-08-07 07:00:00,17.17,17.17,16.81,17.0,6527000
2024-08-08 07:00:00,16.84,17.06,16.61,16.67,11140000
2024-08-09 07:00:00,16.97,17.56,16.84,17.39,14921400
2024-08-12 07:00:00,17.56,17.78,17.34,17.78,11074900
2024-08-13 07:00:00,17.75,17.75,17.36,17.61,9397100
2024-08-14 07:00:00,17.67,17.7,17.39,17.45,7222100
2024-08-15 07:00:00,17.45,17.53,17.11,17.17,9340200
2024-08-16 07:00:00,17.36,18.17,17.31,18.17,27282400
2024-08-19 07:00:00,18.34,18.34,18.0,18.0,9673300
2024-08-20 07:00:00,18.0,18.31,17.95,18.14,13817500
2024-08-21 07:00:00,18.14,18.36,18.03,18.36,12951100
2024-08-22 07:00:00,18.36,18.47,18.17,18.39,10210700
2024-08-23 07:00:00,18.45,18.84,18.2,18.67,15977700
2024-08-26 07:00:00,18.84,19.06,18.67,18.86,19841200
2024-08-27 07:00:00,18.64,18.84,18.56,18.56,9974200
2024-08-28 07:00:00,18.61,19.03,18.42,18.92,20047900
2024-08-29 07:00:00,18.95,19.0,18.75,18.86,8714300
2024-08-30 07:00:00,18.81,18.89,18.7,18.72,8631800
2024-09-04 07:00:00,18.42,18.58,18.34,18.42,10057700
2024-09-05 07:00:00,18.61,18.75,18.28,18.39,9857300
2024-09-06 07:00:00,18.39,18.56,18.22,18.56,9538100
2024-09-09 07:00:00,18.45,18.53,18.25,18.28,10104900
2024-09-10 07:00:00,18.39,18.53,17.78,18.0,13278400
2024-09-11 07:00:00,18.0,18.11,17.7,18.06,8911200
2024-09-12 07:00:00,18.17,18.2,17.92,17.92,5941600
2024-09-13 07:00:00,17.95,18.17,17.84,17.95,11642600
2024-09-16 07:00:00,17.95,18.14,17.81,17.84,9523800
2024-09-17 07:00:00,17.84,18.17,17.81,18.17,9660800
2024-09-18 07:00:00,18.28,18.75,18.22,18.56,28151100
2024-09-19 07:00:00,18.75,18.84,18.64,18.67,24638000
2024-09-20 07:00:00,18.78,18.81,18.56,18.67,31676100
2024-09-23 07:00:00,19.1,19.17,18.81,18.92,19233700
2024-09-24 07:00:00,18.95,18.95,18.77,18.92,8610900
2024-09-25 07:00:00,19.02,19.63,18.99,19.52,27327900
2024-09-26 07:00:00,19.52,19.7,19.45,19.56,14945400
2024-09-27 07:00:00,19.56,19.74,19.49,19.63,12575200
2024-09-30 07:00:00,19.56,20.02,19.38,19.84,12749400
2024-10-01 07:00:00,19.91,20.16,19.77,19.77,14445300
2024-10-02 07:00:00,19.63,19.77,19.56,19.63,11820100
2024-10-03 07:00:00,19.63,19.88,19.45,19.59,12830600
2024-10-04 07:00:00,19.59,19.77,19.42,19.42,8506100
2024-10-07 07:00:00,19.56,19.63,19.38,19.63,9644300
2024-10-08 07:00:00,19.74,19.84,19.45,19.49,12340400
2024-10-09 07:00:00,19.45,19.63,19.27,19.42,17220400
2024-10-10 07:00:00,19.56,19.77,19.45,19.59,14886300
2024-10-11 07:00:00,19.66,19.66,19.45,19.52,8286200
2024-10-14 07:00:00,19.7,19.91,19.56,19.66,12591700
2024-10-15 07:00:00,19.66,19.84,19.38,19.38,12559000
2024-10-16 07:00:00,19.24,19.52,19.24,19.27,9811400
2024-10-17 07:00:00,19.31,19.52,19.17,19.52,11043700
2024-10-18 07:00:00,19.59,19.74,19.45,19.45,11887200
2024-10-21 07:00:00,19.45,19.49,19.13,19.13,11792200
2024-10-22 07:00:00,19.06,19.34,18.99,18.99,15345800
2024-10-23 07:00:00,19.06,19.2,18.99,19.13,8135500
2024-10-24 07:00:00,19.13,19.27,19.06,19.06,11773000
2024-10-25 07:00:00,19.06,19.13,18.99,18.99,7953400
2024-10-28 07:00:00,18.95,19.2,18.95,19.06,6128800
2024-10-29 07:00:00,19.1,19.2,18.99,18.99,5358800
2024-10-30 07:00:00,19.06,19.1,18.63,18.74,9615800
2024-10-31 07:00:00,18.74,18.92,18.7,18.92,7085500
2024-11-01 07:00:00,18.85,18.85,18.53,18.63,8377200
2024-11-04 07:00:00,18.63,18.88,18.42,18.67,13413500
2024-11-05 07:00:00,18.67,18.81,18.6,18.6,3203100
2024-11-06 07:00:00,18.7,18.92,18.63,18.81,10676500
2024-11-07 07:00:00,18.95,18.99,18.74,18.74,5991000
2024-11-08 07:00:00,18.74,18.81,18.53,18.56,7720000
2024-11-11 07:00:00,18.56,18.56,18.17,18.28,12696500
2024-11-12 07:00:00,18.35,18.6,18.17,18.28,10035100
2024-11-13 07:00:00,18.28,18.28,17.96,18.1,12418200
2024-11-14 07:00:00,18.1,18.1,17.53,17.57,12754600
2024-11-15 07:00:00,17.57,17.57,16.93,17.03,25501800
2024-11-18 07:00:00,17.03,17.5,16.93,17.28,24877000
2024-11-19 07:00:00,17.32,17.42,16.93,16.96,10705300
2024-11-20 07:00:00,17.0,17.57,16.89,17.28,17961700
2024-11-21 07:00:00,17.28,17.53,17.1,17.5,14195600
2024-11-22 07:00:00,17.42,17.5,17.25,17.32,12804200
2024-11-25 07:00:00,17.35,17.42,17.21,17.42,10156700
2024-11-26 07:00:00,17.5,17.71,17.42,17.5,9334300
2024-11-27 07:00:00,17.5,17.57,17.25,17.28,9322900
2024-11-28 07:00:00,17.39,17.46,17.25,17.28,8460700
2024-11-29 07:00:00,17.28,17.53,17.21,17.46,9018200
2024-12-02 07:00:00,17.5,17.6,17.28,17.39,7836700
2024-12-03 07:00:00,17.39,17.42,17.25,17.28,12527000
2024-12-04 07:00:00,17.25,17.28,17.07,17.1,9139300
2024-12-05 07:00:00,17.14,18.28,16.82,18.28,35613300
2024-12-06 07:00:00,18.49,18.81,18.35,18.74,33824400
2024-12-09 07:00:00,18.7,18.77,18.49,18.63,18860200
2024-12-10 07:00:00,18.6,18.77,18.49,18.67,12619100
2024-12-11 07:00:00,18.7,18.77,18.45,18.6,12560400
2024-12-12 07:00:00,18.56,18.81,18.49,18.49,12180000
2024-12-13 07:00:00,18.45,18.49,18.28,18.35,10969600
2024-12-16 07:00:00,18.42,18.63,18.31,18.56,14599300
2024-12-17 07:00:00,18.56,18.6,18.38,18.49,6199400
2024-12-18 07:00:00,18.49,18.63,18.35,18.63,7203300
2024-12-19 07:00:00,18.35,18.63,18.1,18.63,30712700
2024-12-20 07:00:00,18.56,18.67,18.42,18.67,12287800
2024-12-23 07:00:00,18.63,18.7,18.38,18.38,7842600
2024-12-24 07:00:00,18.38,18.45,18.14,18.45,12299200
2024-12-25 07:00:00,18.49,19.02,18.42,18.88,26221100
2024-12-26 07:00:00,18.85,18.92,18.74,18.74,8764400
2024-12-27 07:00:00,18.77,18.99,18.7,18.92,16346900
2024-12-30 07:00:00,18.92,19.13,18.81,18.81,11494000
2024-12-31 07:00:00,18.81,18.81,18.53,18.53,8234000
2025-01-02 07:00:00,18.53,18.74,18.42,18.45,8938200
2025-01-03 07:00:00,18.42,18.45,18.03,18.03,16065900
2025-01-06 07:00:00,18.03,18.14,17.67,17.71,9985000
2025-01-07 07:00:00,18.03,18.03,17.42,17.46,18563600
2025-01-08 07:00:00,17.42,17.64,17.39,17.57,9134400
2025-01-09 07:00:00,17.57,17.74,17.35,17.35,8907600
2025-01-10 07:00:00,17.28,17.46,16.71,16.86,21372700
2025-01-13 07:00:00,16.75,17.28,16.75,17.18,10836600
2025-01-14 07:00:00,17.21,17.21,17.0,17.03,8104900
2025-01-15 07:00:00,17.18,17.32,17.07,17.18,9867500
2025-01-16 07:00:00,17.35,17.92,17.28,17.35,18541100
2025-01-17 07:00:00,17.35,17.5,17.25,17.46,7043000
2025-01-20 07:00:00,17.53,17.53,17.32,17.42,6981800
2025-01-21 07:00:00,17.46,17.64,17.35,17.39,8023600
2025-01-22 07:00:00,17.42,17.6,17.35,17.35,9555200
2025-01-23 07:00:00,17.39,17.96,17.39,17.89,18477200
2025-01-24 07:00:00,17.85,17.96,17.78,17.96,9711000
2025-02-03 07:00:00,17.67,17.82,17.6,17.64,12857000
2025-02-04 07:00:00,17.71,18.1,17.64,17.99,15668800
2025-02-05 07:00:00,18.1,18.1,17.82,17.82,9632200
2025-02-06 07:00:00,17.92,18.06,17.82,17.82,9261600
2025-02-07 07:00:00,17.82,17.92,17.74,17.78,7845200
2025-02-10 07:00:00,17.74,17.89,17.53,17.71,15857200
2025-02-11 07:00:00,17.74,17.78,17.53,17.57,12930400
2025-02-12 07:00:00,17.64,17.82,17.6,17.6,6964800
2025-02-13 07:00:00,17.6,17.71,17.57,17.64,6768300
2025-02-14 07:00:00,17.78,17.99,17.71,17.71,16151100
2025-02-17 07:00:00,17.71,18.03,17.64,17.78,18463600
2025-02-18 07:00:00,17.85,17.99,17.78,17.89,9839100
2025-02-19 07:00:00,17.96,18.06,17.82,18.03,15517000
2025-02-20 07:00:00,18.1,18.17,17.96,17.96,13806600
2025-02-21 07:00:00,17.92,18.06,17.89,18.03,11577200
2025-02-24 07:00:00,17.99,18.38,17.96,18.38,25063000
2025-02-25 07:00:00,18.42,18.63,18.31,18.38,28069100
2025-02-26 07:00:00,18.38,18.56,18.21,18.38,25212900
2025-02-27 07:00:00,18.45,18.56,18.21,18.56,17996300
2025-02-28 07:00:00,18.63,19.06,18.63,18.7,41396500
2025-03-03 07:00:00,18.7,19.06,18.6,18.92,25645100
2025-03-04 07:00:00,18.81,18.92,18.56,18.74,24072400
2025-03-05 07:00:00,18.77,18.95,18.56,18.56,27564200
2025-03-06 07:00:00,18.63,19.17,18.63,19.13,44988800
2025-03-07 07:00:00,19.27,19.31,19.06,19.13,22896800
2025-03-10 07:00:00,19.2,19.38,18.85,18.95,45642300
2025-03-11 07:00:00,18.74,18.99,18.74,18.99,26426500
2025-03-12 07:00:00,19.1,19.17,18.88,18.99,26789200
2025-03-13 07:00:00,19.02,19.49,18.81,19.17,50816000
2025-03-14 07:00:00,19.2,19.34,19.06,19.17,29000300
2025-03-17 07:00:00,19.27,19.31,19.1,19.2,18091800
2025-03-18 07:00:00,19.27,19.52,19.06,19.06,29540500
2025-03-19 07:00:00,18.99,19.1,18.85,18.88,24310900
2025-03-20 07:00:00,18.95,19.1,18.77,18.88,19539500
2025-03-21 07:00:00,18.92,19.1,18.85,18.92,21205500
2025-03-24 07:00:00,19.02,19.31,18.85,19.31,24444800
2025-03-25 07:00:00,19.42,19.52,19.13,19.13,23603700
2025-03-26 07:00:00,19.13,19.24,18.77,18.85,26160400
2025-03-27 07:00:00,18.85,18.92,18.7,18.7,15067400
2025-03-28 07:00:00,18.74,18.88,18.53,18.74,17622200
2025-03-31 07:00:00,18.6,18.74,18.49,18.49,19494500
2025-04-01 07:00:00,18.63,18.67,18.35,18.53,18403500
2025-04-02 07:00:00,18.6,18.85,18.56,18.81,15569000
2025-04-03 07:00:00,17.92,18.35,17.5,17.5,54284800
2025-04-04 07:00:00,16.29,16.96,16.29,16.89,82040000
2025-04-08 07:00:00,16.36,16.43,15.72,15.72,31521000
2025-04-09 07:00:00,14.65,15.68,14.65,14.65,73685900
2025-04-10 07:00:00,15.65,15.65,15.65,15.65,5220200
2025-04-11 07:00:00,16.36,16.68,15.93,16.68,65051200
2025-04-14 07:00:00,16.86,17.14,16.64,17.14,36800400
2025-04-15 07:00:00,16.93,17.07,16.5,16.57,26171500
2025-04-16 07:00:00,16.64,16.78,16.36,16.36,18889600
2025-04-17 07:00:00,16.22,16.61,16.22,16.43,18654800
2025-04-18 07:00:00,16.57,17.03,16.54,16.61,26355500
2025-04-21 07:00:00,16.64,16.71,16.25,16.29,18530600
2025-04-22 07:00:00,16.0,16.29,15.15,15.82,48457200
2025-04-23 07:00:00,16.32,16.32,16.07,16.18,13492900
2025-04-24 07:00:00,16.29,16.46,16.11,16.36,17946000
2025-04-25 07:00:00,16.5,16.5,16.22,16.22,15312300
2025-04-28 07:00:00,16.29,16.46,16.22,16.39,12060400
2025-04-29 07:00:00,16.46,16.46,16.32,16.32,9778300
2025-05-05 07:00:00,16.64,16.68,16.36,16.43,9314500
2025-05-06 07:00:00,16.5,16.71,16.43,16.46,16475000
2025-05-07 07:00:00,16.46,16.46,16.18,16.25,18887200
2025-05-08 07:00:00,16.32,16.57,16.18,16.43,18519000
2025-05-09 07:00:00,16.5,16.57,16.29,16.32,15341500
2025-05-12 07:00:00,16.43,16.5,16.25,16.5,20022500
2025-05-13 07:00:00,16.75,17.0,16.61,16.64,25553900
2025-05-14 07:00:00,16.68,17.21,16.57,17.0,36621500
2025-05-15 07:00:00,17.18,17.25,16.96,17.0,23847200
2025-05-16 07:00:00,17.03,17.35,16.86,16.86,30215900
2025-05-19 07:00:00,16.75,16.86,16.61,16.61,19744300
2025-05-20 07:00:00,16.64,16.82,16.57,16.71,15335600
2025-05-21 07:00:00,16.75,16.86,16.54,16.61,24381300
2025-05-22 07:00:00,16.61,17.0,16.54,16.61,27664700
2025-05-23 07:00:00,16.64,16.75,16.54,16.61,16226300
2025-05-26 07:00:00,16.68,16.78,16.22,16.78,20912800
2025-05-27 07:00:00,16.86,17.07,16.71,16.86,24420300
2025-05-28 07:00:00,17.03,17.21,16.75,16.86,24600300
2025-05-29 07:00:00,16.96,17.0,16.71,16.71,14889300
2025-05-30 07:00:00,16.71,17.03,16.64,16.68,19752200
2025-06-02 07:00:00,16.61,16.86,16.61,16.86,12057800
2025-06-03 07:00:00,17.14,17.67,17.14,17.42,58587500
2025-06-04 07:00:00,17.57,17.57,17.18,17.21,19435500
2025-06-05 07:00:00,17.21,17.28,17.0,17.03,24655300
2025-06-06 07:00:00,17.0,17.07,16.78,16.78,28033000
2025-06-09 07:00:00,16.82,16.86,16.61,16.61,15704100
2025-06-10 07:00:00,16.64,16.75,16.57,16.61,13479500
2025-06-11 07:00:00,16.64,16.78,16.61,16.71,12900900
2025-06-12 07:00:00,16.78,16.96,16.75,16.82,13812400
2025-06-13 07:00:00,16.71,16.75,16.39,16.46,35039900
2025-06-16 07:00:00,16.43,16.96,16.43,16.96,16823100
2025-06-17 07:00:00,17.0,17.03,16.82,16.96,16346700
2025-06-18 07:00:00,16.96,17.03,16.78,16.78,21794300
2025-06-19 07:00:00,16.78,17.03,16.71,17.0,19690200
2025-06-20 07:00:00,17.1,17.32,16.96,17.07,25086200
2025-06-23 07:00:00,16.86,16.96,16.75,16.89,15661100
2025-06-24 07:00:00,17.18,17.46,17.07,17.28,48489100
2025-06-25 07:00:00,17.32,17.64,17.21,17.42,25856200
2025-06-26 07:00:00,17.42,17.5,17.18,17.42,18417100
2025-06-27 07:00:00,17.5,17.67,17.39,17.53,19508400
2025-06-30 07:00:00,17.78,17.89,17.57,17.57,26590700
2025-07-01 07:00:00,17.6,17.64,17.32,17.39,15143300
2025-07-02 07:00:00,17.35,18.35,17.32,18.14,41265000
2025-07-03 07:00:00,18.14,18.7,17.89,18.31,58323300
2025-07-04 07:00:00,18.42,18.6,18.21,18.42,21022600
2025-07-07 07:00:00,18.63,18.81,18.53,18.7,33309100
2025-07-08 07:00:00,18.77,19.31,18.67,19.24,65007600
2025-07-09 07:00:00,19.38,20.52,19.38,20.3,72536400
2025-07-10 07:00:00,20.55,20.73,20.34,20.59,51768100
2025-07-11 07:00:00,20.59,21.34,20.59,21.09,62931400
2025-07-14 07:00:00,21.19,21.3,20.62,21.16,51458700
2025-07-15 07:00:00,21.19,22.62,21.09,21.69,62849100
2025-07-16 07:00:00,21.69,22.69,21.55,22.47,47110600
2025-07-17 07:00:00,22.76,22.83,22.3,22.69,49672400
2025-07-18 07:00:00,22.79,22.97,22.4,22.62,38374200
2025-07-21 07:00:00,22.79,22.83,21.9,22.3,55033300
2025-07-22 07:00:00,22.05,22.76,21.73,22.76,61716000
2025-07-23 07:00:00,22.97,23.72,22.69,22.94,43849400
2025-07-24 07:00:00,22.97,23.01,22.3,22.76,43190300
2025-07-25 07:00:00,22.86,24.25,22.76,24.18,62122900
2025-07-28 07:00:00,24.75,25.5,24.5,25.46,49584700
2025-07-29 07:00:00,25.67,25.74,23.68,23.68,104999100
2025-07-30 07:00:00,23.9,24.29,23.26,24.11,62743900
2025-07-31 07:00:00,24.25,24.61,23.54,24.32,49380200
2025-08-01 07:00:00,24.18,24.75,23.54,23.61,56677600
2025-08-04 07:00:00,23.11,24.18,23.04,24.18,56726000
2025-08-05 07:00:00,24.46,25.53,23.11,24.64,91934400
2025-08-06 07:00:00,24.71,25.1,24.46,25.1,50091400
2025-08-07 07:00:00,25.46,25.46,24.71,25.0,37109400
2025-08-08 07:00:00,25.39,26.46,24.96,25.25,95427300
2025-08-11 07:00:00,25.46,26.85,25.1,26.67,59260500
2025-08-12 07:00:00,26.95,26.99,25.89,26.14,45373500
2025-08-13 07:00:00,26.35,26.42,25.32,26.14,67780700
2025-08-14 07:00:00,26.31,26.88,25.67,26.17,70443500
2025-08-15 07:00:00,26.6,26.7,25.78,25.99,58499100
2025-08-18 07:00:00,26.03,26.17,25.35,25.46,50226000
2025-08-19 07:00:00,25.25,26.53,25.25,26.14,59106200
2025-08-20 07:00:00,26.14,26.17,24.54,25.67,60341100
2025-08-21 07:00:00,25.74,26.95,25.67,26.35,72277300
2025-08-22 07:00:00,25.92,26.17,25.14,25.42,63807300
2025-08-25 07:00:00,25.89,26.88,25.5,26.06,69348200
2025-08-26 07:00:00,25.99,27.88,25.71,27.88,94358400
2025-08-27 07:00:00,28.77,29.3,28.52,28.62,59655800
2025-08-28 07:00:00,28.8,29.87,28.55,29.87,54930700
2025-08-29 07:00:00,30.54,31.4,30.01,30.01,52457300
2025-09-03 07:00:00,30.01,30.33,29.09,29.41,54126400
2025-09-04 07:00:00,29.58,30.3,29.26,30.08,33209200
2025-09-05 07:00:00,30.4,30.86,28.8,28.8,51528200
2025-09-08 07:00:00,28.66,29.58,28.52,28.59,72146900
2025-09-09 07:00:00,28.84,29.87,27.95,29.87,51995900
2025-09-10 07:00:00,30.44,30.86,29.62,30.19,43275200
2025-09-11 07:00:00,29.73,30.3,28.3,30.19,85920600
2025-09-12 07:00:00,30.47,30.51,29.55,29.8,34559500
2025-09-15 07:00:00,29.94,30.33,29.48,30.01,40521000
2025-09-16 07:00:00,30.58,30.58,29.58,29.58,37917500
2025-09-17 07:00:00,29.44,29.62,28.8,28.87,37920700
2025-09-18 07:00:00,29.05,29.44,28.66,29.02,26356200
2025-09-19 07:00:00,29.16,29.34,28.7,28.7,27872000
2025-09-22 07:00:00,28.8,28.98,27.88,27.95,43538600
2025-09-23 07:00:00,28.02,28.52,28.02,28.02,21429500
2025-09-24 07:00:00,28.09,28.62,27.42,28.62,36376800
2025-09-25 07:00:00,28.81,28.92,28.44,28.44,25997200
2025-09-26 07:00:00,28.37,28.41,27.71,27.71,38838600
2025-09-29 07:00:00,27.75,27.86,27.13,27.38,34409300
2025-09-30 07:00:00,27.42,28.3,27.2,28.12,38227200
2025-10-01 07:00:00,28.33,28.59,28.04,28.15,16967100
2025-10-02 07:00:00,28.19,28.41,27.5,27.6,21157600
2025-10-03 07:00:00,27.53,27.86,27.13,27.46,25057700
2025-10-06 07:00:00,28.08,29.35,28.04,29.35,53500100
2025-10-07 07:00:00,29.9,30.16,29.57,29.76,40540800
2025-10-08 07:00:00,30.45,31.0,29.57,30.05,53747600
2025-10-09 07:00:00,30.08,30.12,29.57,29.65,33451500
2025-10-10 07:00:00,29.83,30.27,29.61,29.68,29024800
2025-10-13 07:00:00,29.28,30.41,29.17,30.16,42263800
2025-10-14 07:00:00,30.89,31.58,29.9,29.9,65269200
2025-10-15 07:00:00,29.97,30.45,29.79,30.23,30114300
2025-10-16 07:00:00,30.41,30.81,30.01,30.16,29760800
2025-10-17 07:00:00,30.27,30.59,29.68,29.76,38969300
2025-10-20 07:00:00,29.72,30.48,27.68,27.68,70585900
2025-10-21 07:00:00,27.68,28.81,26.95,28.15,81186900
2025-10-22 07:00:00,28.3,28.3,27.13,28.04,32795900
2025-10-23 07:00:00,28.08,28.19,27.35,27.35,24279700
2025-10-24 07:00:00,27.13,27.28,26.04,26.26,82075200
2025-10-27 07:00:00,26.55,26.66,25.2,25.38,71137600
2025-10-28 07:00:00,25.31,26.26,25.31,26.14,34464100
2025-10-29 07:00:00,26.22,26.4,25.96,25.96,22897000
2025-10-30 07:00:00,26.0,26.14,25.38,25.42,28037300
2025-10-31 07:00:00,25.34,25.71,25.02,25.02,26772900
2025-11-03 07:00:00,25.02,25.2,23.7,23.7,50015100
2025-11-04 07:00:00,23.63,25.34,23.41,25.34,57837700
2025-11-05 07:00:00,25.38,25.89,25.34,25.45,30063400
2025-11-06 07:00:00,25.53,25.56,24.83,25.02,23177900
2025-11-07 07:00:00,24.91,24.94,23.96,24.03,36679200
2025-11-10 07:00:00,24.03,25.42,23.88,24.5,33031200
2025-11-11 07:00:00,24.87,25.49,24.58,25.42,30203900
2025-11-12 07:00:00,25.6,26.14,25.38,25.89,34965500
2025-11-13 07:00:00,25.93,25.93,25.38,25.49,21313000
2025-11-14 07:00:00,25.38,25.78,25.23,25.49,19630000
2025-11-17 07:00:00,25.53,25.85,25.42,25.82,15953500
2025-11-18 07:00:00,25.85,26.22,25.67,25.93,25611500
2025-11-19 07:00:00,25.82,25.85,25.05,25.27,23268600
2025-11-20 07:00:00,25.27,25.49,24.91,25.38,21063700
2025-11-21 07:00:00,25.02,25.2,24.83,25.02,18445600
2025-11-24 07:00:00,25.23,25.45,25.02,25.09,11833000
2025-11-25 07:00:00,24.91,25.02,23.78,23.96,53026500
2025-11-26 07:00:00,24.07,24.83,24.03,24.8,36038100
2025-11-27 07:00:00,24.69,24.91,24.18,24.21,20104000
2025-11-28 07:00:00,24.18,24.4,23.74,23.92,25473600
2025-12-01 07:00:00,24.07,24.18,23.34,23.34,28396500
2025-12-02 07:00:00,23.12,23.67,23.12,23.56,31339700
2025-12-03 07:00:00,23.63,23.74,23.45,23.59,22047800
2025-12-04 07:00:00,23.74,24.18,23.7,23.92,32017100
2025-12-05 07:00:00,24.03,24.07,23.48,23.52,47092900
2025-12-08 07:00:00,24.0,24.36,23.52,23.52,31938300
2025-12-09 07:00:00,23.48,23.52,22.72,23.0,30826600
2025-12-10 07:00:00,23.2,23.44,23.12,23.4,12135600
2025-12-11 07:00:00,23.48,23.76,23.16,23.24,11688200
2025-12-12 07:00:00,23.44,23.52,22.4,22.48,21558800
2025-12-15 07:00:00,22.44,23.08,22.44,22.72,18667300
2025-12-16 07:00:00,22.88,24.28,22.4,24.2,32104500
2025-12-17 07:00:00,24.0,24.08,23.68,23.72,13669700
2025-12-18 07:00:00,23.72,24.08,23.48,23.88,16276800
2025-12-19 07:00:00,24.0,24.76,23.88,24.64,42628200
2025-12-22 07:00:00,24.72,25.2,24.44,25.16,29655000
2025-12-23 07:00:00,25.16,25.28,24.52,24.64,26174900
2025-12-24 07:00:00,24.56,25.08,24.32,25.08,22076900
2025-12-25 07:00:00,25.08,25.28,24.4,24.4,16892800
2025-12-26 07:00:00,24.2,25.0,23.8,24.6,31205200
2025-12-29 07:00:00,24.64,24.76,24.32,24.4,11999500
2025-12-30 07:00:00,24.4,24.64,24.24,24.48,11165800
2025-12-31 07:00:00,24.52,24.72,24.16,24.2,13612800
2026-01-05 07:00:00,24.32,24.32,23.04,23.32,31181700
2026-01-06 07:00:00,23.32,23.84,22.92,23.72,24039700
2026-01-07 07:00:00,24.0,24.4,23.8,24.08,24638500
2026-01-08 07:00:00,24.16,25.04,24.16,24.44,43204100
2026-01-09 07:00:00,24.76,24.84,24.24,24.28,29015400
2026-01-12 07:00:00,24.36,25.96,24.36,25.96,55916600
2026-01-13 07:00:00,26.84,27.12,26.12,26.2,50152400
2026-01-14 07:00:00,26.24,26.84,25.76,26.68,58600100
2026-01-15 07:00:00,26.64,27.04,25.88,26.12,42148600
2026-01-16 07:00:00,26.32,26.76,25.6,26.12,40835700
2026-01-19 07:00:00,26.08,26.56,25.96,26.12,23355000
2026-01-20 07:00:00,26.4,26.64,25.8,26.08,27568900
2026-01-21 07:00:00,25.8,26.0,25.12,25.36,45564500
2026-01-22 07:00:00,25.64,26.04,25.36,25.52,23297600
2026-01-23 07:00:00,25.76,26.16,25.44,25.52,26072300
2026-01-26 07:00:00,25.4,25.92,24.64,24.8,25986500
2026-01-27 07:00:00,24.8,25.12,24.68,24.68,17981400
2026-01-28 07:00:00,24.8,25.12,24.4,24.76,24978600
2026-01-29 07:00:00,24.84,25.2,24.76,24.92,11080700
2026-01-30 07:00:00,24.96,25.28,24.88,24.92,18979800
2026-02-02 07:00:00,24.92,24.92,24.48,24.64,20335700
2026-02-03 07:00:00,24.8,25.2,24.72,24.72,27630800
2026-02-04 07:00:00,25.12,26.0,25.08,25.24,32382800
2026-02-05 07:00:00,25.36,25.52,24.8,24.8,15197700
2026-02-06 07:00:00,24.56,24.8,23.92,23.92,37356200
2026-02-09 07:00:00,24.2,24.28,23.68,23.68,14650200
2026-02-10 07:00:00,23.68,24.0,23.6,23.96,19127600
2026-02-11 07:00:00,24.12,24.96,24.08,24.96,22738100
2026-02-12 07:00:00,25.0,25.2,24.84,25.0,11764300
2026-02-13 07:00:00,24.88,25.24,24.72,25.12,19533500
2026-02-23 07:00:00,25.28,25.48,25.04,25.28,16669300
2026-02-24 07:00:00,25.2,26.24,25.0,25.68,46478100
2026-02-25 07:00:00,25.6,26.16,25.44,25.72,42664700
2026-02-26 07:00:00,25.84,26.16,25.6,25.92,30429600
2026-02-27 07:00:00,26.0,26.36,25.68,25.92,37296900
2026-03-02 07:00:00,25.2,26.24,25.04,25.48,72555400
2026-03-03 07:00:00,25.68,26.84,25.6,26.08,70785100
2026-03-04 07:00:00,26.04,26.96,25.2,26.96,92511300
2026-03-05 07:00:00,27.44,28.0,26.8,26.8,83987900
2026-03-06 07:00:00,26.48,26.56,25.2,25.2,70603700
2026-03-09 07:00:00,23.44,23.56,23.44,23.44,33530000
2026-03-10 07:00:00,24.0,24.4,23.2,23.72,81041100
2026-03-11 07:00:00,23.84,24.64,23.52,24.2,39065300
2026-03-12 07:00:00,23.76,24.08,23.12,23.32,44112200
2026-03-13 07:00:00,23.0,23.36,22.56,22.72,54940600
2026-03-16 07:00:00,22.76,23.4,22.64,22.72,26040700
2026-03-17 07:00:00,23.04,23.56,22.92,22.92,29267400
2026-03-18 07:00:00,23.04,23.12,22.16,22.4,42490600
2026-03-19 07:00:00,21.92,22.08,21.28,21.6,60356700
2026-03-20 07:00:00,21.44,21.84,21.32,21.56,34786500
2026-03-23 07:00:00,20.88,21.08,20.16,20.32,50940700
2026-03-24 07:00:00,21.0,21.2,20.68,20.72,28152600
2026-03-25 07:00:00,21.12,21.8,21.04,21.48,30401000
2026-03-26 07:00:00,21.48,21.48,21.08,21.08,23402600
2026-03-27 07:00:00,21.08,21.76,21.08,21.64,23305300
2026-03-30 07:00:00,21.08,21.52,20.8,21.24,25942100
2026-03-31 07:00:00,21.36,21.84,21.24,21.56,34450800
2026-04-01 07:00:00,22.16,22.8,22.08,22.32,40298800
2026-04-02 07:00:00,22.12,22.36,21.88,22.04,25165800
2026-04-03 07:00:00,22.16,22.24,21.6,21.6,27134200
2026-04-06 07:00:00,21.52,22.0,21.48,21.56,17570600
2026-04-07 07:00:00,21.72,22.0,21.4,22.0,18136200
2026-04-08 07:00:00,22.96,23.52,22.8,23.52,65778300
2026-04-09 07:00:00,23.16,23.4,23.0,23.0,28819900
2026-04-10 07:00:00,23.28,23.32,22.88,22.88,23553100
2026-04-13 07:00:00,22.56,23.0,22.48,22.72,21821900
2026-04-14 07:00:00,23.04,23.28,22.76,22.96,19862500
2026-04-15 07:00:00,23.2,23.32,22.96,22.96,24445200
2026-04-16 07:00:00,22.96,23.28,22.84,23.08,26290000
2026-04-17 07:00:00,23.08,23.32,22.84,22.84,18591300
2026-04-20 07:00:00,22.88,23.36,22.88,23.16,23633700
2026-04-21 07:00:00,23.2,23.28,22.64,22.64,21645600
2026-04-22 07:00:00,22.72,22.76,22.48,22.52,14751100
2026-04-23 07:00:00,22.56,22.8,22.04,22.36,22078700
2026-04-24 07:00:00,22.32,22.4,22.04,22.16,10867000
2026-04-28 07:00:00,22.24,22.44,22.12,22.12,10748300
2026-04-29 07:00:00,22.16,22.32,22.12,22.12,12241100
2026-05-04 07:00:00,22.28,22.52,22.16,22.16,12736100
2026-05-05 07:00:00,22.08,22.2,21.84,21.84,14283800
2026-05-06 07:00:00,22.04,22.96,21.96,22.8,27728100
2026-05-07 07:00:00,23.0,23.04,22.64,22.68,19095400
2026-05-08 07:00:00,22.68,22.88,22.56,22.64,14968800
2026-05-11 07:00:00,22.76,23.04,22.6,22.64,23117900
2026-05-12 07:00:00,22.64,22.72,22.44,22.44,12398600
2026-05-13 07:00:00,22.6,22.68,22.12,22.24,19129300
2026-05-14 07:00:00,22.24,22.52,22.24,22.48,11585200
2026-05-15 07:00:00,22.56,22.68,22.28,22.32,13001900
2026-05-18 07:00:00,22.24,22.6,22.12,22.52,14829800
2026-05-19 07:00:00,22.64,23.0,22.12,22.24,38484800
2026-05-20 07:00:00,22.24,22.32,21.2,21.8,24522900
2026-05-21 07:00:00,21.92,22.04,21.64,21.68,16608400
2026-05-22 07:00:00,21.72,22.36,21.44,22.04,23547100
2026-05-25 07:00:00,22.2,22.28,21.96,21.96,8008600
2026-05-26 07:00:00,21.92,22.48,21.92,22.4,19099000
2026-05-27 07:00:00,22.48,22.56,22.28,22.32,10100600
2026-05-28 07:00:00,22.32,22.56,22.04,22.04,15081800
2026-05-29 07:00:00,22.08,22.4,21.96,22.0,11716200
2026-06-01 07:00:00,22.0,22.36,21.88,21.96,11686600
2026-06-02 07:00:00,21.96,22.16,21.56,21.6,16935800
2026-06-03 07:00:00,21.6,22.04,21.52,21.84,14765000
2026-06-04 07:00:00,21.88,21.92,21.6,21.68,10177200
2026-06-05 07:00:00,21.72,21.8,21.52,21.6,9213800
2026-06-08 07:00:00,21.44,21.48,21.08,21.08,19026300
2026-06-09 07:00:00,21.12,21.44,21.0,21.2,11329000
2026-06-10 07:00:00,21.2,21.4,21.08,21.24,9106800
2026-06-11 07:00:00,21.12,21.24,21.04,21.04,7448000
2026-06-12 07:00:00,21.36,21.44,20.92,20.92,14197600
2026-06-15 07:00:00,21.36,21.76,21.28,21.64,24099500
2026-06-16 07:00:00,21.76,22.24,21.64,22.08,23188300
2026-06-17 07:00:00,22.12,22.32,21.96,22.16,15137200
2026-06-18 07:00:00,22.16,22.4,22.0,22.0,12751400
2026-06-19 07:00:00,22.0,22.12,21.72,21.72,13627200
2026-06-22 07:00:00,21.76,21.96,21.52,21.76,9667000
2026-06-23 07:00:00,21.8,21.96,21.48,21.48,16483200
2026-06-24 07:00:00,21.52,21.56,21.24,21.36,10242700
2026-06-25 07:00:00,21.44,21.48,21.2,21.2,10261700
2026-06-26 07:00:00,21.2,21.28,21.0,21.12,9388400
2026-06-29 07:00:00,21.2,21.4,21.2,21.28,7299300
2026-06-30 07:00:00,21.32,21.72,21.28,21.4,14723800
2026-07-01 07:00:00,21.44,21.84,21.4,21.76,11575600
2026-07-02 07:00:00,21.8,22.0,21.68,21.68,13087400
2026-07-03 07:00:00,21.8,22.0,21.56,21.88,20102700
2026-07-06 07:00:00,22.0,22.16,21.04,21.4,18215100
2026-07-07 07:00:00,21.4,21.72,21.16,21.72,15256800
2026-07-08 07:00:00,21.72,22.24,21.68,21.76,21899300
2026-07-09 07:00:00,21.68,21.8,21.44,21.56,10590400
2026-07-10 07:00:00,21.6,21.64,21.2,21.24,15212300
2026-07-13 07:00:00,21.2,21.2,20.08,20.52,35125700
2026-07-14 07:00:00,20.2,20.68,20.0,20.44,17962100
2026-07-15 07:00:00,20.36,20.6,19.76,19.76,19919600
2026-07-16 07:00:00,19.6,20.0,18.96,20.0,34764700
2026-07-17 07:00:00,20.0,20.0,19.4,19.4,11592700
2026-07-20 07:00:00,19.12,19.24,18.16,18.16,36253800
2026-07-21 07:00:00,18.08,18.96,18.08,18.56,22996700
2026-07-22 07:00:00,18.6,18.92,17.92,18.12,34754400
2026-07-23 07:00:00,18.04,19.2,17.76,18.84,29879100
2026-07-24 07:00:00,18.52,18.64,18.24,18.24,17654300
2026-07-27 07:00:00,18.44,18.52,17.6,17.6,16500400
2026-07-28 07:00:00,17.44,18.64,17.36,18.4,30411300
2026-07-29 07:00:00,18.64,18.84,18.4,18.6,18807400
2026-07-30 07:00:00,18.68,19.44,18.56,19.2,29015800
2026-07-31 07:00:00,19.28,19.28,18.8,18.84,17843900
2026-08-03 07:00:00,19.04,19.84,19.0,19.64,24344900
2026-08-04 07:00:00,19.68,19.76,19.44,19.64,14130200
2026-08-05 07:00:00,19.88,19.88,19.48,19.52,16489600
2026-08-06 07:00:00,19.52,19.72,19.2,19.44,14732800
2026-08-07 07:00:00,19.4,19.72,19.36,19.56,13285400
2026-08-10 07:00:00,19.72,20.2,19.68,20.08,20351300
2026-08-11 07:00:00,20.12,20.32,20.0,20.12,22669000
2026-08-12 07:00:00,20.12,20.28,20.0,20.24,15728900
2026-08-13 07:00:00,20.24,20.4,20.0,20.0,28037400
2026-08-14 07:00:00,19.96,19.96,19.44,19.6,34016200
2026-08-17 07:00:00,19.8,20.1,19.7,19.8,18212900
2026-08-18 07:00:00,19.8,19.9,19.3,19.5,15279600
2026-08-19 07:00:00,19.5,19.6,19.2,19.4,11085700
2026-08-20 07:00:00,19.6,19.7,19.4,19.4,11042500
2026-08-21 07:00:00,19.7,20.75,19.65,20.75,38706800
2026-08-24 07:00:00,21.4,21.6,21.1,21.25,32450300
2026-08-25 07:00:00,21.25,21.5,21.1,21.25,30658300
2026-08-26 07:00:00,21.1,21.65,21.1,21.65,27952800
2026-08-27 07:00:00,21.75,21.75,21.35,21.4,15960200
2026-08-28 07:00:00,21.3,21.6,21.3,21.35,20299000
2026-09-03 07:00:00,21.1,21.35,20.9,20.9,21947100
2026-09-04 07:00:00,21.0,21.2,20.95,21.05,11573200
2026-09-07 07:00:00,21.1,21.2,20.75,20.85,15026800
2026-09-08 07:00:00,20.85,21.3,20.85,21.0,13825100
2026-09-09 07:00:00,21.05,21.15,20.85,20.9,9488000
2026-09-10 07:00:00,20.85,21.2,20.7,21.0,12807500
2026-09-11 07:00:00,20.85,20.95,20.3,20.3,24010700
2026-09-14 07:00:00,20.25,20.4,19.7,20.3,24518000
2026-09-15 07:00:00,20.3,20.75,20.25,20.65,16404500
